"Condition","Month","iMOs","iORB","iPL","iAOB","iMOB","cMOs","cORB","cPL","cAOB","cMOB","iACA","iMOp","iSSp-m","iSSs","iGU","iAI","iCLA","iEPd","iPIR","iCP","iLS","iMS","iACB","iSI","iOT","cACA","cMOp","cSSp-m","cSSs","cGU","cAI","cCLA","cEPd","cPIR","cCP","cLS","cMS","cACB","cSI","cOT","iRSP","iSSp-bfd","iVISC","iAIp","iEP","iCA1","iCA2","iCA3","iDG","iLD","iMD","iVAL","iSMT","iHY","iGP","iCEA","iBLAa","iMEA","iBMA","iCOAa","cRSP","cSSp-bfd","cVISC","cAIp","cEP","cCA1","cCA2","cCA3","cDG","cLD","cMD","cVAL","cSMT","cHY","cGP","cCEA","cBLAa","cMEA","cBMA","cCOAa","iVISa","iAUD","iTEa","iECT","iPERI","iENTl","iBLAp","iTR","iCOAp","iSUB","iPT","iPAG","iDpM","iTHp","iZI","iVTA","iSN","iSUM","iMM","cVISa","cAUD","cTEa","cECT","cPERI","cENTl","cBLAp","cTR","cCOAp","cSUB","cPT","cPAG","cDpM","cTHp","cZI","cVTA","cSN","cSUM","cMM","iVISp","iSC","iMRN","iIP","cVISp","cSC","cMRN","cIP","iPAR","iPRE","iPOST","iPRN","cPAR","cPRE","cPOST","cPRN"
"NTG",1,"0.0017511630","0.0009124150","0.0000000000","0.0134889300","0.0032897700","0.0012693470","0.0060942500","0.0000000000","0.0041440950","0.0011400510","0.0000984550","0.0009460200","0.0003388950","0.0005088270","0.0045019420","0.0024358150","0.0000000000","0.0038553450","0.0002317180","0.0025463450","0.0021824250","0.0026533870","0.0003851820","0.0000000000","0.0004558410","0.0011547530","0.0007634800","0.0012768930","0.0004851760","0.0005053250","0.0000000000","0.0066094000","0.0000000000","0.0007245420","0.0023563570","0.0003796920","0.0000000000","0.0013214940","0.0001754580","0.0001203760","0.0035287590","0.0004450350","0.0000000000","0.0000000000","0.0000000000","0.0019774850","0.0085381000","0.0426179430","0.0212881340","0.0022476900","0.0019249150","0.0065340500","0.0090959600","0.0032414770","0.0213195500","0.0007984920","0.0007810500","0.0004581120","0.0000000000","0.0000000000","0.0009885350","0.0005164780","0.0000000000","0.0000000000","0.0000000000","0.0008772140","0.0009970100","0.0001046300","0.0006303460","0.0006569200","0.0011210780","0.0068480200","0.0006895050","0.0016134340","0.0045874420","0.0014986460","0.0000000000","0.0000000000","0.0000000000","0.0001581690","0.0009790500","0.0014764810","0.0000000000","0.0000000000","0.0002145850","0.0004118660","0.0002842840","0.0000000000","0.0001693400","0.0023759430","0.0000000000","0.0026531220","0.0023227190","0.0008119510","0.0006309300","0.0026540830","0.0011413500","0.0028225100","0.0015537300","0.0003237140","0.0002775130","0.0000000000","0.0020176900","0.0006905750","0.0002159540","0.0005600000","0.0000000000","0.0006285000","0.0013267690","0.0003607250","0.0014813420","0.0018969660","0.0005977380","0.0000000000","0.0012767630","0.0021829200","0.0000000000","0.0103939500","0.0000687887","0.0008180920","0.0016962590","0.0000000000","0.0002784990","0.0001737800","0.0014953170","0.0000000000","0.0000000000","0.0000000000","0.0000000000","0.0028398950","0.0002826550","0.0006907200","0.0001521560","0.0007400230"
"NTG",1,"0.000828428","0.000456207","0.000000000","0.001383200","0.000725335","0.001241383","0.000537930","0.000000000","0.000753010","0.001512175","0.000585245","0.000000000","0.000644768","0.000630218","0.000000000","0.000113123","0.000000000","0.000000000","0.000037355","0.002609154","0.002592783","0.000491359","0.000482168","0.000000000","0.000000000","0.000000000","0.000085694","0.004291070","0.000460058","0.004412845","0.000000000","0.000000000","0.000000000","0.000633721","0.001789571","0.001330583","0.003885810","0.000176172","0.000175457","0.000000000","0.001630824","0.001182945","0.000189000","0.000222557","0.002540000","0.000490108","0.000000000","0.012969645","0.005082946","0.000835000","0.001713990","0.004483118","0.002598180","0.000067500","0.010331150","0.000000000","0.000000000","0.000867330","0.002025000","0.000000000","0.001803796","0.000630000","0.000461590","0.000000000","0.000606250","0.000223988","0.001537515","0.000224826","0.001619387","0.000515000","0.000763984","0.003406060","0.001278990","0.000810000","0.001915470","0.000150000","0.000000000","0.000174000","0.000000000","0.000000000","0.000811984","0.000333450","0.000000000","0.000000000","0.000000000","0.002363408","0.012119600","0.000000000","0.000270794","0.008959300","0.000000000","0.002608600","0.003821535","0.002886545","0.001804910","0.001244490","0.000926221","0.000000000","0.000418977","0.000360777","0.000000000","0.000000000","0.000000000","0.000000000","0.000182968","0.000000000","0.000000000","0.001517335","0.001929805","0.000000000","0.002586855","0.001145534","0.002518781","0.001534315","0.001852088","0.001143186","0.000218670","0.001747305","0.000514893","0.000147644","0.002147068","0.000000000","0.000340296","0.000382974","0.002092948","0.000000000","0.000000000","0.000000000","0.001779395","0.002697260","0.000000000","0.001046585","0.000000000","0.002332170"
"NTG",1,"0.0001405780","0.0008034280","0.0006603050","0.0010378900","0.0013680450","0.0015122770","0.0000000000","0.0000000000","0.0000000000","0.0013301950","0.0134561550","0.0000983115","0.0021052500","0.0000000000","0.0000000000","0.0001282620","0.0000000000","0.0000000000","0.0000000000","0.0012499040","0.0006179020","0.0001748370","0.0000000000","0.0003282290","0.0002378730","0.0035318850","0.0013259200","0.0000374889","0.0000000000","0.0000000000","0.0000000000","0.0000000000","0.0000000000","0.0004153470","0.0021815730","0.0002778060","0.0000000000","0.0064221500","0.0000000000","0.0006230410","0.0025205520","0.0000948495","0.0000000000","0.0028737150","0.0000000000","0.0015321550","0.0100009750","0.0183956330","0.0134332950","0.0230856000","0.0000730000","0.0025275050","0.0008665040","0.0000000000","0.0007291050","0.0000000000","0.0000000000","0.0000000000","0.0000000000","0.0000000000","0.0005074420","0.0020608520","0.0000000000","0.0000000000","0.0000000000","0.0006534280","0.0000000000","0.0000616600","0.0006890880","0.0000000000","0.0000000000","0.0009159810","0.0000000000","0.0002435530","0.0000000000","0.0008994200","0.0000000000","0.0001678840","0.0000000000","0.0000000000","0.0000000000","0.0000000000","0.0000000000","0.0000000000","0.0000000000","0.0006524300","0.0001786790","0.0000000000","0.0000000000","0.0060182000","0.0000000000","0.0007648930","0.0014260650","0.0022039800","0.0004134560","0.0004182390","0.0035052100","0.0587899000","0.0000000000","0.0007642850","0.0000000000","0.0004576500","0.0000000000","0.0000000000","0.0000772952","0.0031739550","0.0000000000","0.0000000000","0.0003518600","0.0000000000","0.0015048100","0.0009137550","0.0012977520","0.0000000000","0.0008053690","0.0000590000","0.0003818240","0.0007161250","0.0002949690","0.0003154300","0.0006673450","0.0000000000","0.0003047250","0.0001102500","0.0004601330","0.0000000000","0.0048700000","0.0000000000","0.0059000000","0.0016150000","0.0000000000","0.0000000000","0.0000000000","0.0006283000"
"NTG",1,"0.0016562050","0.0002156940","0.0000000000","0.0000000000","0.0020825500","0.0001599770","0.0019229600","0.0000000000","0.0000000000","0.0008375540","0.0030250000","0.0000965000","0.0009655000","0.0005788330","0.0000000000","0.0000000000","0.0000000000","0.0000000000","0.0000557332","0.0004827240","0.0004525000","0.0001860000","0.0000000000","0.0000000000","0.0021035000","0.0035500000","0.0009330000","0.0000737500","0.0024869750","0.0000000000","0.0001560000","0.0000000000","0.0000000000","0.0001807170","0.0022896580","0.0038620000","0.0000000000","0.0005625000","0.0001755000","0.0000000000","0.0020359810","0.0003142080","0.0003826500","0.0000000000","0.0000000000","0.0002817120","0.0155699980","0.0281615220","0.0040691250","0.0007000800","0.0004394000","0.0014513600","0.0009744270","0.0017137450","0.0010938500","0.0000000000","0.0000000000","0.0000000000","0.0023628200","0.0000000000","0.0007106960","0.0003168910","0.0001675810","0.0000000000","0.0000000000","0.0003305870","0.0021724530","0.0014635000","0.0002235030","0.0005027550","0.0000699555","0.0008690870","0.0010872550","0.0000000000","0.0090166540","0.0004496970","0.0002106130","0.0000000000","0.0000000000","0.0007448950","0.0007576670","0.0000000000","0.0000000000","0.0000000000","0.0009067430","0.0015145570","0.0001046150","0.0000000000","0.0000000000","0.0142025070","0.0034090650","0.0004289540","0.0005265250","0.0003539060","0.0003026640","0.0022789660","0.0013176040","0.0000000000","0.0000000000","0.0001885430","0.0001662940","0.0000000000","0.0000000000","0.0000000000","0.0001648800","0.0000000000","0.0000000000","0.0000000000","0.0002015730","0.0000000000","0.0010188320","0.0019021000","0.0006498520","0.0000000000","0.0010348790","0.0001422220","0.0000000000","0.0000000000","0.0009734480","0.0002229240","0.0009841310","0.0000000000","0.0006153440","0.0001437360","0.0006279100","0.0000000000","0.0000000000","0.0000000000","0.0075428000","0.0011004800","0.0001390000","0.0000000000","0.0000000000","0.0014230650"
"G20",1,"0.0002833730","0.0007036300","0.0000000000","0.0010375600","0.0035961250","0.0015630050","0.0000620215","0.0000000000","0.0000000000","0.0001921480","0.0006949550","0.0011974710","0.0001970810","0.0004941750","0.0000000000","0.0017474150","0.0000000000","0.0000000000","0.0002794200","0.0083509570","0.0000000000","0.0000000000","0.0000796225","0.0047719350","0.0002637400","0.0000000000","0.0015499850","0.0012025150","0.0000498880","0.0000000000","0.0008094900","0.0000000000","0.0000000000","0.0000384203","0.0006950040","0.0002663400","0.0000000000","0.0000000000","0.0000000000","0.0002370110","0.0090278990","0.0015580070","0.0000000000","0.0000000000","0.0000000000","0.0015351950","0.0126500000","0.0358715170","0.0040494630","0.0035414050","0.0010900000","0.0061263900","0.0008780350","0.0002130290","0.0067455150","0.0000000000","0.0000000000","0.0006183850","0.0000000000","0.0000000000","0.0003963300","0.0000000000","0.0000000000","0.0000000000","0.0000000000","0.0008776500","0.0000000000","0.0020872770","0.0000000000","0.0015650000","0.0000000000","0.0019731700","0.0001072190","0.0009250000","0.0007153870","0.0010500000","0.0000000000","0.0000000000","0.0020550000","0.0000000000","0.0001652500","0.0000572500","0.0000000000","0.0000000000","0.0000000000","0.0001194920","0.0000000000","0.0000000000","0.0000000000","0.0631323250","0.0000000000","0.0005866670","0.0002699570","0.0004491000","0.0042865300","0.0005819520","0.0005062380","0.0654402000","0.0009850000","0.0004945000","0.0000000000","0.0000000000","0.0000000000","0.0000000000","0.0003795030","0.0000000000","0.0000000000","0.0000000000","0.0000555000","0.0000000000","0.0003104750","0.0000338500","0.0000000000","0.0000000000","0.0001151190","0.0004801730","0.0035631200","0.0000000000","0.0002857650","0.0003822000","0.0004830780","0.0000000000","0.0001014340","0.0004033960","0.0003736890","0.0000000000","0.0000000000","0.0000000000","0.0000000000","0.0009387330","0.0002310240","0.0000000000","0.0000000000","0.0005556540"
"G20",1,"0.0003571300","0.0000853685","0.0000000000","0.0000000000","0.0003983060","0.0007502190","0.0000000000","0.0000000000","0.0019950000","0.0017304650","0.0012754400","0.0001364040","0.0007289640","0.0000000000","0.0000000000","0.0025684790","0.0000000000","0.0048217090","0.0009318230","0.0153413370","0.0005332900","0.0003217130","0.0010615420","0.0007136450","0.0006799650","0.0002734120","0.0002449570","0.0001993630","0.0000000000","0.0000000000","0.0000000000","0.0000000000","0.0000000000","0.0001353790","0.0014457960","0.0002207170","0.0000000000","0.0006265630","0.0000000000","0.0008908930","0.0121063750","0.0014208200","0.0036334550","0.0000000000","0.0002823190","0.0042932650","0.0116877330","0.0305950170","0.0404484830","0.0027945850","0.0002586550","0.0024203100","0.0000000000","0.0000700140","0.0027982850","0.0012004400","0.0000000000","0.0001861010","0.0000000000","0.0008827550","0.0004783210","0.0005538210","0.0000000000","0.0000000000","0.0000000000","0.0025963930","0.0036227250","0.0000189717","0.0009239230","0.0000000000","0.0006251350","0.0023252150","0.0005583450","0.0007853150","0.0014838350","0.0000000000","0.0000000000","0.0006265900","0.0000000000","0.0000000000","0.0027306850","0.0003329240","0.0005575000","0.0000000000","0.0032190500","0.0003232090","0.0120175750","0.0000000000","0.0006634730","0.0686856000","0.0000000000","0.0024073870","0.0042286450","0.0059282670","0.0080949550","0.0022014890","0.0015778400","0.0065620550","0.0001670610","0.0003963720","0.0010826090","0.0000000000","0.0000000000","0.0014733450","0.0004647980","0.0000000000","0.0000000000","0.0000000000","0.0004914830","0.0003139310","0.0018991370","0.0021756750","0.0003741750","0.0004753080","0.0011430000","0.0007327940","0.0017673100","0.0006690250","0.0026808080","0.0001595000","0.0003196650","0.0000000000","0.0002328090","0.0002202500","0.0002785000","0.0000000000","0.0000000000","0.0002920000","0.0025623950","0.0011050000","0.0000000000","0.0000000000","0.0000000000","0.0017946320"
"G20",1,"0.0004132790","0.0008550000","0.0000000000","0.0034600000","0.0029770000","0.0000000000","0.0007650000","0.0000000000","0.0003985000","0.0011385000","0.0000986005","0.0028158050","0.0006136850","0.0006898910","0.0000000000","0.0002545270","0.0000000000","0.0000000000","0.0022721940","0.0017182100","0.0001005520","0.0009167750","0.0006502550","0.0000000000","0.0003224560","0.0000000000","0.0000000000","0.0000699430","0.0002352570","0.0000000000","0.0000000000","0.0000000000","0.0000000000","0.0008765380","0.0021070820","0.0000000000","0.0000000000","0.0006799900","0.0000000000","0.0000000000","0.0026130260","0.0039884050","0.0006943290","0.0000000000","0.0000000000","0.0011158380","0.0171993850","0.0290472670","0.0146099430","0.0000000000","0.0029633100","0.0009597560","0.0000000000","0.0003502820","0.0042305200","0.0000000000","0.0000000000","0.0009084850","0.0000000000","0.0000000000","0.0005502610","0.0002176930","0.0003519870","0.0000000000","0.0000000000","0.0013537670","0.0002563450","0.0010743730","0.0000000000","0.0000000000","0.0000000000","0.0005942210","0.0000987710","0.0005474210","0.0003576570","0.0004496150","0.0000000000","0.0008310010","0.0000000000","0.0000000000","0.0002734190","0.0000000000","0.0002773830","0.0000000000","0.0000000000","0.0001197460","0.0000000000","0.0000000000","0.0000000000","0.0180745300","0.0035700000","0.0019766050","0.0021810050","0.0004081300","0.0013523500","0.0016509130","0.0053837860","0.0710428000","0.0000000000","0.0001300000","0.0005829640","0.0000000000","0.0000000000","0.0000000000","0.0006137760","0.0000000000","0.0000000000","0.0003678820","0.0005188930","0.0003138440","0.0017394880","0.0013255350","0.0050856350","0.0000000000","0.0009500150","0.0018185580","0.0012375600","0.0006041550","0.0007820060","0.0005553430","0.0026216830","0.0000000000","0.0002454250","0.0007489690","0.0010773290","0.0000000000","0.0012816200","0.0000000000","0.0097247750","0.0036652610","0.0003297740","0.0000000000","0.0010996530","0.0013111290"
"NTG",3,"0.0029392500","0.0017837100","0.0000000000","0.0000000000","0.0005228470","0.0024100400","0.0136679500","0.0000000000","0.0000000000","0.0007454500","0.0059414670","0.0027390950","0.0000336725","0.0000000000","0.0000000000","0.0002887280","0.0000000000","0.0000000000","0.0000545817","0.0001232300","0.0193016000","0.0326453000","0.0003109770","0.0019197100","0.0000000000","0.0002500680","0.0039474070","0.0011345890","0.0000000000","0.0004515940","0.0000000000","0.0000000000","0.0000000000","0.0013787420","0.0015453130","0.0043729850","0.0217044050","0.0021992850","0.0186190000","0.0000000000","0.0172040100","0.0004867440","0.0002386680","0.0000000000","0.0000000000","0.0374238390","1.4375062200","1.7027750000","5.3866516670","0.0003875000","0.0000000000","0.0003221560","0.0014077320","0.0013012600","0.0000000000","0.0000000000","0.0000000000","0.0000000000","0.0000000000","0.0000000000","0.0008507230","0.0005926660","0.0000000000","0.0000000000","0.0000000000","0.0014560380","0.0000000000","0.0206737340","0.0058911030","0.0000000000","0.0005299750","0.0008854050","0.0004920910","0.0006745550","0.0000000000","0.0000000000","0.0000000000","0.0005232450","0.0011411400","0.0000000000","0.0004250690","0.0005905130","0.0000000000","0.0002203580","0.0406044080","0.0393422720","0.0016698330","0.0000000000","0.0000000000","0.0927004750","0.0000000000","0.0013733890","0.0009722650","0.0028979460","0.0000000000","0.0426037050","0.0000000000","1.2026565000","0.0007683500","0.0001321840","0.0019838320","0.0000000000","0.0002623500","0.0000000000","0.0004861480","0.0000000000","0.0000000000","0.0001832590","0.0007581120","0.0000000000","0.0001293750","0.0000461972","0.0006504430","0.0000000000","0.0516772830","0.0009828560","0.2211860000","0.0000000000","0.0017880610","0.0001093950","0.0017785450","0.0043183350","0.0005072380","0.0005082010","0.0005333500","0.0000000000","0.0012976900","0.0042046710","0.1022121950","0.0032912700","0.0006464440","0.0002679440","0.0000000000","0.0005424250"
"NTG",3,"0.0018920280","0.0026367290","0.0000000000","0.0021407050","0.0016335700","0.0038372110","0.0002688610","0.0000000000","0.0000000000","0.0003378750","0.0008415840","0.0012629050","0.0006398160","0.0025843000","0.0000000000","0.0012071150","0.0000000000","0.0000000000","0.0011942370","0.0005172400","0.0329476000","0.0777623250","0.0010575980","0.0007940600","0.0011410200","0.0001407990","0.0022966200","0.0014065600","0.0000311645","0.0004397270","0.0000000000","0.0000000000","0.0024924000","0.0001160100","0.0004935720","0.0134506350","0.0135626200","0.0000424387","0.0011907550","0.0003468330","0.0061227570","0.0000719520","0.0002269950","0.0000000000","0.0000000000","0.0063080380","0.0260722000","0.5016811500","3.8613563670","0.0067874960","0.0080171200","0.0005337110","0.0011912450","0.0054693000","0.0001292510","0.0027939850","0.0000000000","0.0016400550","0.0000000000","0.0000000000","0.0023110000","0.0004198110","0.0013679150","0.0000000000","0.0000000000","0.0008998400","0.0000000000","0.0923649650","0.0013325340","0.0006556250","0.0000000000","0.0010119010","0.0000000000","0.0000000000","0.0000000000","0.0002997550","0.0000000000","0.0000000000","0.0000000000","0.0000000000","0.0026156370","0.0004033830","0.0019651000","0.0032217000","0.0011579430","0.0709567870","0.0006754840","0.0056577000","0.0075891000","0.0728237280","0.0035370200","0.0000000000","0.0002027140","0.0058713630","0.0174968500","0.0040382360","0.0000000000","0.6272180000","0.0000000000","0.0046415650","0.0001216130","0.0063434900","0.0000000000","0.0002739900","0.0031783190","0.0000000000","0.0000000000","0.0000000000","0.0010738730","0.0000000000","0.0008602990","0.0005180570","0.0008945880","0.0000000000","0.0289842440","0.0007207250","0.2874920000","0.0000000000","0.0037937400","0.0021338890","0.0011233000","0.0000000000","0.0036593210","0.0013260190","0.0014640100","0.0000000000","0.0020892350","3.6323650000","0.2472460620","0.0020916750","0.0012547670","0.0000000000","0.0020072350","0.0017119150"
"NTG",3,"0.0018208750","0.0063937400","0.0000000000","0.0000000000","0.0018416240","0.0000000000","0.0032205300","0.0018134350","0.0000000000","0.0015294450","0.0235586500","0.0001166030","0.0003103020","0.0001705030","0.0014025650","0.0000000000","0.0000000000","0.0000000000","0.0006560010","0.0041557150","0.0051388200","0.0174225500","0.0003456140","0.0000000000","0.0000000000","0.0135782080","0.0000000000","0.0035157600","0.0000000000","0.0000000000","0.0000000000","0.0000000000","0.0000000000","0.0004341900","0.0001532960","0.0012651750","0.0073355200","0.0007094400","0.0000000000","0.0000975060","0.0073262080","0.0009257400","0.0001085120","0.0000000000","0.0041127950","0.0577388920","0.1715104550","0.6115041670","3.9939043330","0.0016441650","0.0000776485","0.0004599020","0.0002170560","0.0044509750","0.0003335080","0.0000000000","0.0000000000","0.0004302840","0.0000000000","0.0005012650","0.0013272790","0.0036594950","0.0001312890","0.0007469960","0.0000000000","0.0011998610","0.0021421080","0.0428112500","0.0045233050","0.0008269150","0.0000000000","0.0012221900","0.0018942000","0.0007231770","0.0000000000","0.0002997710","0.0000000000","0.0000000000","0.0000000000","0.0002412300","0.0006047700","0.0002550410","0.0065848500","0.0027148900","0.0032962950","0.0042503240","0.0044100500","0.0063747000","0.0013455620","0.0559313250","0.0000000000","0.0001049480","0.0021447770","0.0002366480","0.0093794300","0.0056165110","0.0011758350","0.6659975000","0.0026802800","0.0002543530","0.0007483450","0.0000000000","0.0000000000","0.0000000000","0.0008818240","0.0001424440","0.0000000000","0.0000000000","0.0006656230","0.0000000000","0.0005092010","0.0003245260","0.0004666480","0.0021527600","0.0004231240","0.0002934290","0.4817820000","0.0001806130","0.0046812840","0.0014592530","0.0033922240","0.0000000000","0.0056534780","0.0085262850","0.0004982020","0.0000000000","0.0058531500","0.0068097000","0.0520975000","0.0017659560","0.0018527000","0.0018654400","0.0012296950","0.0002115900"
"NTG",3,"6.282334e-03","2.339020e-04","2.622900e-03","3.458700e-03","8.905600e-04","3.319680e-04","3.901380e-05","4.816030e-03","0.000000e+00","1.296845e-03","5.596140e-03","7.797400e-03","7.648610e-04",NA,"0.000000e+00","0.000000e+00","0.000000e+00","0.000000e+00",NA,"1.708681e-03","1.871942e-02","5.473003e-02","2.236300e-04","1.358585e-03","0.000000e+00","6.217050e-04","1.156755e-02","8.846600e-04","1.044661e-03","1.496280e-02","1.476120e-04","2.234015e-03","4.814310e-04","5.175328e-03","8.282190e-04","6.328545e-03","3.494980e-02","1.346256e-03","0.000000e+00","2.312465e-03","7.580955e-02","6.269620e-03","0.000000e+00","0.000000e+00","0.000000e+00","5.549464e-01","3.397148e-01","2.888761e+00","1.328427e+01","2.597070e-04","2.145795e-03","9.977740e-04","0.000000e+00","0.000000e+00","0.000000e+00","0.000000e+00","0.000000e+00","0.000000e+00","0.000000e+00","0.000000e+00","2.038846e-03","6.321230e-04","3.008910e-04","2.920290e-04","0.000000e+00","1.059895e-03","0.000000e+00","4.663747e-02","7.700959e-03","0.000000e+00","9.118950e-04","4.215920e-05","0.000000e+00","0.000000e+00","0.000000e+00","4.260600e-04","0.000000e+00","0.000000e+00","0.000000e+00","0.000000e+00","0.000000e+00",NA,NA,NA,NA,"4.635847e+00","0.000000e+00","0.000000e+00","0.000000e+00","8.138253e-03","0.000000e+00","8.687060e-04","9.272420e-04","2.236013e-03","0.000000e+00","4.100187e-03","1.139258e-02","2.559180e-01","2.864810e-02","9.988600e-04","3.903062e-03","2.430055e-03","0.000000e+00","0.000000e+00","1.588810e-03","0.000000e+00","0.000000e+00","0.000000e+00","3.787530e-05","0.000000e+00","5.075230e-04","5.025450e-04","2.297461e-03","1.196005e-02","1.388653e-02","9.428620e-04","6.727125e-02","6.917780e-03","4.428200e-02","1.277280e-04","1.765451e-03","0.000000e+00","8.877700e-04","2.008774e-03","9.247330e-04","0.000000e+00","4.278867e-02","6.429850e-03","6.613124e+00","3.554453e-03","1.536530e-04","5.444150e-04","0.000000e+00","7.153050e-04"
"NTG",3,"0.0032543050","0.0020171000","0.0019767550","0.0000000000","0.0052943850","0.0066215150","0.0062527250","0.0407498000","0.0022604300","0.0026625700","0.0002651370","0.0010064310","0.0002056650","0.0003865470","0.0011061400","0.0000000000","0.0000000000","0.0000000000","0.0074256170","0.0326653660","0.0039110450","0.0271263200","0.0001394190","0.0007042430","0.0034817450","0.0000000000","0.0061387500","0.0005803690","0.0000260955","0.0000000000","0.0005852550","0.0000000000","0.0000000000","0.0004957650","0.0004248150","0.0015114850","0.0122907050","0.0003113670","0.0001619660","0.0026410850","0.0157377690","0.0014493270","0.0001108710","0.0004837580","0.0000000000","0.2865492430","0.6557061780","1.3648016670","6.7117617430","0.0000000000","0.0006734350","0.0000000000","0.0033814300","0.0002905290","0.0019338650","0.0004458160","0.0000000000","0.0000000000","0.0014820750","0.0261818000","0.0035892910","0.0036250580","0.0000000000","0.0000000000","0.0000000000","0.0022531100","0.0000000000","0.0065566100","0.1252971460","0.0006307750","0.0006981200","0.0010002280","0.0000000000","0.0000592130","0.0000000000","0.0000000000","0.0000000000","0.0051930000","0.0000000000","0.0002015500","0.0281940500","0.0072945730","0.0164821830","0.0337487000","0.0733077500","0.2431519830","0.0198709000","0.0075885150","0.0026986750","0.0282076030","0.0020323450","0.0031776440","0.0005301150","0.0031914210","0.1354372850","0.0055510400","0.0009161920","5.4639100000","0.1410827750","0.0069826000","0.0038281350","0.0018875000","0.0046425250","0.0055975000","0.0015536200","0.0125296500","0.0000000000","0.0103595550","0.0005547500","0.0212018000","0.0223396250","0.0038559550","0.0013746080","0.0000000000","0.0006041020","0.0018150000","0.5733435000","0.0991185650","0.0171437430","0.0016008790","0.0057010380","0.0000000000","0.0035222340","0.0025238100","0.0017734120","0.0000000000","0.0003870320","0.0050328200","0.0010841830","0.0042847300","0.0022881550","0.0013867150","0.0007947350","0.0018479550"
"NTG",3,"0.004515948","0.000539367","0.030783800","0.005186800","0.005404715","0.015132773","0.005677700","0.018230500","0.000376736","0.001588347","0.008394845","0.000146956","0.000816680","0.000567135","0.000000000","0.000000000","0.000000000","0.000000000","0.002730567","0.014934699","0.014572405","0.057079400","0.002877773","0.005304332","0.006058770","0.001762395","0.004393625","0.003001175","0.001334108","0.000454542","0.000000000","0.000000000","0.000000000","0.001199727","0.000540129","0.004212445","0.016411100","0.001666170","0.000603715","0.004865509","0.087215703","0.002143625","0.005896650","0.004194985","0.005087735","0.180377405","0.439266000","3.201996333","7.133329050","0.000248841","0.002143091","0.000640159","0.000324888","0.006914410","0.001490500","0.000199588","0.005466015","0.017995105","0.000675095","0.008788400","0.000969915","0.000799188","0.000000000","0.000000000","0.000000000","0.003661187","0.000000000","0.010026735","0.002778153","0.002363130","0.000351751","0.000577266","0.004922375","0.003473830","0.003913960","0.000000000","0.000596940","0.001421640","0.000228177","0.000870710","0.016230905","0.005385178","0.043234158","0.066280818","0.133738775","0.967075000","0.012632600","0.036985050","0.009993645","0.250447975","0.000466423","0.001133795","0.005411765","0.001805323","0.008294850","0.000942815","0.000902643","1.739462000","0.004143080","0.003450746","0.002952149","0.001093900","0.000288908","0.000289078","0.001343942","0.000236598","0.000736265","0.000593650","0.000000000","0.000000000","0.001071623","0.000176868","0.000547688","0.000000000","0.015349960","0.000655093","0.805485000","0.003043915","0.086354372","0.000632043","0.001314589","0.073041500","0.001391813","0.000882788","0.004627519","0.000000000","0.021362500","0.032865750","0.025024800","0.008232435","0.001562580","0.003415000","0.003318765","0.006356805"
"NTG",3,"0.007007378","0.003965425","0.000000000","0.000000000","0.003246460","0.003988578","0.000295280","0.001621325","0.000000000","0.001712807","0.000314792","0.000591788","0.000270644","0.001831053","0.000280200","0.000139360","0.004528985","0.037199320","0.001240783","0.005274866","0.003079645","0.030634500","0.002885601","0.000655750","0.001180240","0.000983824","0.001675150","0.000224262","0.007594788","0.000000000","0.003287020","0.001467955","0.001664505","0.000770383","0.001870245","0.003335765","0.007494045","0.000726995","0.000154169","0.012049772","0.042810623","0.005316700","0.000484377","0.000000000","0.000000000","0.031317105","0.063428900","0.447811550","0.757200200","0.001544096","0.000740245","0.002166680","0.000433238","0.003515320","0.001588470","0.000598755","0.000624926","0.004259710","0.000000000","0.000501800","0.005038684","0.008189335","0.001768980","0.000979685","0.003352970","0.001542399","0.000261820","0.017377410","0.001680699","0.000406657","0.001407539","0.000807475","0.001279538","0.000447574","0.001037885","0.000749010","0.000795590","0.000000000","0.000000000","0.001749250","0.015016800","0.008901978","0.010736773","0.001793830","0.000519978","0.033659745","0.001930405","0.011984450","0.002509625","0.217594250","0.006328200","0.001850602","0.005861722","0.005933720","0.014414085","0.007110405","0.000401521","2.058970000","0.002876585","0.005981680","0.003966183","0.001107698","0.000000000","0.000000000","0.006439146","0.000597245","0.001489780","0.001812145","0.000878274","0.000677620","0.000643161","0.000264780","0.001042975","0.000000000","0.001072303","0.001648520","0.515724000","0.091487500","0.018907600","0.002635423","0.003481713","0.000000000","0.005849248","0.002090901","0.001423178","0.000000000","0.004292000","0.002220000","0.007355000","0.005215000","0.000449000","0.000148500","0.001195000","0.007680000"
"NTG",3,"0.0007195290","0.0008349110","0.0000000000","0.0000000000","0.0025521950","0.0002382370","0.0006634540","0.0000000000","0.0000000000","0.0004897330","0.0001434090","0.0002964360","0.0011703130","0.0005111120","0.0000000000","0.0017421900","0.0017367750","0.0000000000","0.0003561010","0.0079102960","0.0032498200","0.0264319000","0.0009100400","0.0005892660","0.0005968600","0.0003142250","0.1227247180","0.0012857800","0.0000437855","0.0000000000","0.0000000000","0.0000000000","0.0000000000","0.0001000600","0.0016681880","0.0000000000","0.0269473800","0.0000506500","0.0018487250","0.0003336640","0.0036087350","0.0121346000","0.0000000000","0.0010986600","0.0000000000","0.0194627590","0.0041713950","0.4804500330","0.3635586670","0.0002422560","0.0000000000","0.0008459010","0.0000000000","0.0007746300","0.0016763130","0.0000000000","0.0003124830","0.0008533230","0.0010886800","0.0006785000","0.0041815340","0.0007116800","0.0001346000","0.0000000000","0.0003727450","0.0052964950","0.0000000000","0.0344308670","0.0050654940","0.0000000000","0.0002263540","0.0005928740","0.0000000000","0.0007255950","0.0004744960","0.0001428120","0.0000000000","0.0001051600","0.0104457500","0.0007828850","0.0068211050","0.0000580985","0.0000000000","0.0000000000","0.0294325880","0.0799859830","0.0000000000","0.0000000000","0.0000000000","0.0159991080","0.0000000000","0.0053087650","0.0000000000","0.0077981000","0.0037951200","0.0022036880","0.0011799050","2.2604800000","0.0009802950","0.0041187900","0.0026021850","0.0481390000","0.0000000000","0.0127518500","0.0024783840","0.0000000000","0.0000000000","0.0000000000","0.0006548610","0.0003133920","0.0002724260","0.0005091130","0.0001193300","0.0000000000","0.0018881400","0.0001893780","0.4393630000","0.0000000000","0.0054369800","0.0008208790","0.0003482700","0.0000000000","0.0047694090","0.0000959913","0.0004587600","0.0001897090","0.0004918750","0.0393798500","0.0216312500","0.0004414760","0.0000000000","0.0000000000","0.0007680150","0.0014274200"
"G20",3,"0.0030369190","0.0007344900","0.0000000000","0.0000000000","0.0038262100","0.0011056740","0.0061686250","0.0034789850","0.0000000000","0.0000000000","0.0003520320","0.0000533570","0.0015264840","0.0021165580","0.0000000000","0.0010481230","0.0000000000","0.0048650800","0.0013157030","0.0074390150","0.0027047540","0.0097157600","0.0013633000","0.0028359050","0.0011604150","0.0003787340","0.0001576130","0.0019156280","0.0077980720","0.0079094750","0.0000000000","0.0000000000","0.0000000000","0.0012526580","0.0021719360","0.0029924500","0.0109173550","0.0000000000","0.0000000000","0.0000000000","0.7809815080","0.0036874800","0.0010437210","0.0011470850","0.0006327350","0.0997654070","0.1203855000","0.1323303330","4.0489970000","0.0032599360","0.0011880450","0.0007227980","0.0077211640","0.0070184000","0.0028827900","0.0003996650","0.0000000000","0.0017265950","0.0000000000","0.0000000000","0.0134434570","0.0005969400","0.0008117460","0.0000000000","0.0024256400","0.0019643050","0.0013578100","0.0097290560","0.0008246120","0.0002462740","0.0000000000","0.0000588980","0.0003857820","0.0006903800","0.0006803300","0.0000000000","0.0000000000","0.0000000000","0.0000000000","0.0000000000","0.0151432000","0.2238141250","0.1660159030","0.1082623230","0.1095811500","0.0653897170","0.0005371700","0.0000000000","0.0000000000","1.1940826750","0.0125720900","0.0031883640","0.0000608255","0.0166389280","0.0000000000","0.0001115880","0.0027390410","0.1329235000","0.0000000000","0.0024955940","0.0169964160","0.0221725750","0.0024099030","0.0004612030","0.0047386790","0.0000000000","0.0008174950","0.0000000000","0.0000672733","0.0047701100","0.0004023000","0.0010225220","0.0008270900","0.0000000000","0.0001774760","0.0018762130","0.0169385000","0.0000000000","0.1159926500","0.0026924620","0.0016701300","0.0100666500","0.0077390660","0.0005853110","0.0004337190","0.0009304750","0.0147213450","0.0717357000","0.5927385000","0.0016811810","0.0111585000","0.0000000000","0.0156357000","0.0024727050"
"G20",3,"0.0000328495","0.0001856810","0.0000000000","0.0152119200","0.0017590900","0.0000724900","0.0000000000","0.0000000000","0.0015381200","0.0019880340","0.0011357300","0.0015208400","0.0000000000","0.0014117030","0.0003110850","0.0017405480","0.0000000000","0.0000000000","0.0030999750","0.0056091580","0.0058262400","0.0108528200","0.0011118350","0.0003319370","0.0001351230","0.0175846750","0.0002942620","0.0022473130","0.0013889400","0.0000000000","0.0001576100","0.0000000000","0.0000000000","0.0006409000","0.0016022210","0.0024992150","0.0129391750","0.0002160160","0.0013840250","0.0002652660","0.0214976100","0.0023207810","0.0012099850","0.0059679600","0.0006331250","0.2120263780","0.8862853250","0.8453610330","7.8857571170","0.0003448740","0.0000828985","0.0001258090","0.0113674650","0.0062686050","0.0015628310","0.0017953050","0.0028117800","0.0052527200","0.0013490200","0.0015387800","0.0017897360","0.0008615800","0.0054091400","0.0026067600","0.0025012000","0.0017131440","0.0023531630","0.0148104340","0.0021090810","0.0019122900","0.0010243200","0.0020858820","0.0022247850","0.0007112670","0.0018362650","0.0006699050","0.0044304600","0.0022288250","0.0032840400","0.0027492750","0.0043729050","0.0079583030","0.0045037180","0.0034756400","0.0096912150","0.2567258720","0.0166343770","0.0066296850","0.0075634200","0.0587065000","0.0000000000","0.0016988140","0.0018561950","0.0218544400","0.0782056000","0.0201810480","0.0046942320","1.7803025000","0.0012422600","0.0014862000","0.0017666440","0.0000000000","0.0006639680","0.0061570450","0.0022671680","0.0035331800","0.0000000000","0.0026516700","0.0013209670","0.0018551100","0.0063149450","0.0007059510","0.0031592120","0.0000000000","0.0076738100","0.0039894690","0.4806650000","0.0000000000","0.0066813600","0.0007933720","0.0009769730","0.0085745500","0.0057309590","0.0011064230","0.0013970450","0.0092311650","0.4588015000","0.0000000000","0.0000000000","0.0010123710","0.0011041580","0.0000000000","0.0010650600","0.0137072100"
"G20",3,"0.0127237550","0.0015046400","0.1405535000","0.0000000000","0.0008824660","0.0026542780","0.0014317310","0.0234874000","0.0042217850","0.0004848010","0.0003264820","0.0005138900","0.0005086640","0.0029948500","0.0013156150","0.0062726650","0.0000000000","0.0000000000","0.0174704860","0.0091799420","0.0078497400","0.0544716500","0.0007544790","0.0001437560","0.0032269150","0.0000000000","0.0041142950","0.0004910850","0.0172020530","0.0000000000","0.0024167300","0.0000000000","0.0000000000","0.0039922970","0.0001864870","0.0038754000","0.0141247000","0.0003320190","0.0000000000","0.0005335000","0.0117625130","0.0049215850","0.0008369950","0.0717890000","0.0000000000","0.0474553430","0.1854555000","0.8310725170","2.7365897000","0.0005366800","0.0000000000","0.0079168650","0.0043369000","0.0055263100","0.0000000000","0.0000000000","0.0000000000","0.0003617830","0.0000000000","0.0041716800","0.0032042610","0.0055782800","0.0094183500","0.0074301500","0.0003030860","0.0011710540","0.0000000000","0.0237511040","0.0047542470","0.0001178950","0.0010116950","0.0000411256","0.0002978950","0.0010875100","0.0013674800","0.0000000000","0.0059690000","0.0023815200","0.0000000000","0.0003100590","0.0093762250","0.0001259050","0.0109262000","0.0011507230","0.0088571900","0.0478967330","0.0091498150","0.0012572300","0.0031795000","0.1711982500","0.0000000000","0.0002377450","0.0005311870","0.0123088250","0.0005475150","0.0007069250","0.0012010780","0.6099045000","0.0000000000","0.0009565620","0.0001485960","0.0000000000","0.0000000000","0.0000000000","0.0029331250","0.0004774320","0.0011931300","0.0032056850","0.0000496808","0.0000000000","0.0000522575","0.0040918100","0.0004381030","0.0000000000","0.0008925780","0.0003369150","0.6352920000","0.0017371650","0.0040751480","0.0004032320","0.0011925830","0.0000000000","0.0027431550","0.0003883990","0.0008639310","0.0000000000","0.0023670000","0.0001644290","0.0153760000","0.0073139600","0.0000783960","0.0000000000","0.0048341650","0.0021519050"
"G20",3,"0.002585143","0.000000000","0.000000000","0.000000000","0.001440035","0.002094962","0.000782359","0.000000000","0.000000000","0.000739058","0.010246430","0.001560860","0.001640354","0.000954360","0.008120300","0.005752220","0.000000000","0.007795350","0.000751751","0.004837401","0.003519910","0.049489300","0.001195933","0.006179650","0.009866200","0.000125056","0.000065121","0.001442406","0.000343101","0.009211150","0.000978594","0.000000000","0.000000000","0.001256393","0.001003622","0.001402750","0.005731515","0.000475184","0.000686955","0.001078015","0.115653691","0.004099975","0.000480401","0.001022480","0.005366350","0.045124310","0.023450405","0.114819173","0.424314452","0.000000000","0.000295382","0.000682107","0.000000000","0.000233929","0.000387615","0.002196685","0.000000000","0.000000000","0.000000000","0.000000000","0.009521436","0.003207430","0.002312065","0.000000000","0.000000000","0.007976917","0.004547875","0.011890623","0.001765300","0.000937085","0.000179414","0.000210344","0.000203691","0.000253986","0.001108465","0.002547354","0.005769509","0.000283608","0.000000000","0.003483940","0.025201450","0.215189600","0.158441650","0.068689748","0.050238223","0.044466025","0.000260058","0.003849930","0.003408845","0.290203550","0.000000000","0.001462900","0.006557705","0.048152900","0.009053595","0.002752058","0.000965019","0.363269500","0.000834980","0.002294940","0.010323643","0.015426950","0.002295833","0.004659300","0.002204442","0.000000000","0.000000000","0.000183199","0.003394785","0.003742465","0.001129696","0.000484188","0.000699782","0.000721460","0.003255786","0.001503067","0.115894300","0.000474379","0.020140388","0.001144022","0.000568154","0.000000000","0.005816850","0.001346279","0.001974803","0.005108150","0.002058675","0.013234125","0.054699950","0.018025200","0.000280000","0.000000000","0.000297500","0.004901285"
"G20",3,"1.752271e-03","1.787295e-03","0.000000e+00","3.121805e-03","1.107243e-03","2.671478e-03","3.427370e-04","1.421465e-03","0.000000e+00","9.297510e-04","5.300000e-04","9.030290e-04","2.233865e-03","4.850000e-04","7.064800e-04","1.507545e-03","0.000000e+00","5.515600e-04","8.509843e-03","8.645330e-05","1.825145e-02","9.310945e-02","1.909040e-04","1.468750e-04","2.435260e-03","4.311790e-03","2.851860e-04","5.179800e-05","9.260940e-04","0.000000e+00","5.011940e-04","0.000000e+00","0.000000e+00","1.465379e-03","2.204239e-03","5.820225e-03","6.509350e-02","1.480000e-04","2.986620e-03","1.467635e-02","6.731973e-02","1.241782e-03","0.000000e+00","0.000000e+00","3.164760e-04","2.909026e-01","1.475390e-01","6.120887e-01","1.119072e+01","5.782830e-04","4.250175e-03","4.177440e-04","1.493255e-03","3.360585e-03","1.256045e-03","4.235270e-03","0.000000e+00","7.565650e-04","0.000000e+00","2.179065e-02","3.174291e-03","3.266421e-03","1.058530e-03","9.676210e-04","1.641580e-03","7.905627e-03","0.000000e+00","5.696119e-02","2.296028e-03","1.376505e-03","1.167460e-03","1.197492e-03","7.248000e-03","1.364615e-03","1.697310e-04","1.223065e-03","7.374550e-03","1.236480e-03","2.060420e-03","2.553165e-03","4.266455e-03","6.011181e-03","1.622795e-02","2.182300e-04","6.134883e-03","7.517936e-01","1.393340e-03","6.322250e-04","4.483685e-02","4.274917e-01","2.151335e-02","3.806477e-03","4.114775e-02","1.168818e-03","0.000000e+00","1.396172e-02","3.554630e-04","2.551740e+00","0.000000e+00","1.222410e-04","9.261353e-03","6.685183e-03","4.362350e-03","5.310910e-03","7.144812e-03","8.783600e-04","7.043300e-04","7.439460e-04","9.971330e-04","0.000000e+00","2.708017e-03","0.000000e+00","3.233850e-04","0.000000e+00","2.052410e-04","1.451353e-03","8.426120e-01","2.123760e-03","6.057713e-03","2.307304e-03","4.208603e-03","0.000000e+00","2.049757e-03","2.203555e-03","2.004846e-03","0.000000e+00","3.975115e-02","1.239135e-02","4.577655e-02","8.853730e-04","0.000000e+00","9.251421e-03","0.000000e+00","1.312080e-03"
"G20",3,"0.000729263","0.002799740","0.000000000","0.000000000","0.002873225","0.001229637","0.001277447","0.000000000","0.000000000","0.001606115","0.000000000","0.000132468","0.000462397","0.000687729","0.000000000","0.000991585","0.000000000","0.000605860","0.000194209","0.002530496","0.014101300","0.042327950","0.000112971","0.004828225","0.001920549","0.000000000","0.000094298","0.000124456","0.001360934","0.000000000","0.000838330","0.001099700","0.000000000","0.000210704","0.002067695","0.001682155","0.007385710","0.000286298","0.001985835","0.010183410","0.006646774","0.006997320","0.001945205","0.000868708","0.000000000","0.035250133","0.016227750","0.523392050","0.305461500","0.000548465","0.000000000","0.001858075","0.000834580","0.000517945","0.002514914","0.000000000","0.000172633","0.000000000","0.000000000","0.000338311","0.001994436","0.002993790","0.000112290","0.000000000","0.000745610","0.001614790","0.000426193","0.111074522","0.025920938","0.000419098","0.000319226","0.003709600","0.002108960","0.000420851","0.007711250","0.000000000","0.000000000","0.009274250","0.000000000","0.000000000","0.000471072","0.000997190","0.000672738","0.000000000","0.479360703","0.214998417","0.000374576","0.000000000","0.001058995","0.103863333","0.000206666","0.002617610","0.000860435","0.000406580","0.000345035","0.009839230","0.003030098","1.526575500","0.003736255","0.000000000","0.000110703","0.000000000","0.000000000","0.000000000","0.002913623","0.000176224","0.000000000","0.011567500","0.002228723","0.000000000","0.000438367","0.000101505","0.000230752","0.000000000","0.007896635","0.000000000","0.478219000","0.001222210","0.014664290","0.012409950","0.001335622","0.000688180","0.014012898","0.003187185","0.001370881","0.006829850","0.003949275","0.007574662","0.001483772","0.013893215","0.114413700","0.000811685","0.000000000","0.002517928"
"G20",3,"0.0003392980","0.0789768850","0.0000000000","0.0083398950","0.0008327600","0.0001719600","0.0000000000","0.0305243850","0.0039890200","0.0010692870","0.0000000000","0.0000000000","0.0002136250","0.0008703690","0.0005787600","0.0023851350","0.0000000000","0.0000000000","0.0002919410","0.0061635500","0.0087441950","0.0110052550","0.0006952460","0.0029424250","0.0036789770","0.0010480110","0.0006589400","0.0001499090","0.0012243890","0.0031316400","0.0001127050","0.0000000000","0.0000000000","0.0000736945","0.0022259420","0.0020261200","0.0299350650","0.0013107950","0.0039860500","0.0000000000","0.0196694330","0.0081704850","0.0001604650","0.0006708830","0.0000000000","0.0718972170","0.0283195650","0.8822164000","1.3144973330","0.0010976050","0.0010559340","0.0008075420","0.0001937690","0.0018189050","0.0020159590","0.0000000000","0.0010352650","0.0000000000","0.0002178160","0.0000000000","0.0011879270","0.0027110780","0.0001146850","0.0000000000","0.0003730760","0.0027332790","0.0003400000","0.0400654280","0.0206231350","0.0008771080","0.0001456040","0.0045009450","0.0004956790","0.0006704550","0.0050994950","0.0001886240","0.0000000000","0.0000000000","0.0000000000","0.0000000000","0.0146864600","0.0005404590","0.0000000000","0.0003996900","0.1694933980","0.3072725000","0.0000000000","0.0010918100","0.0000000000","0.1357007500","0.0000000000","0.0003334890","0.0007648400","0.0001055090","0.1324825000","0.0008965170","0.0005961170","2.6252400000","0.0000000000","0.0012763310","0.0021588520","0.0000000000","0.0002690900","0.0010071040","0.0116412490","0.0000000000","0.0005950000","0.0000000000","0.0000000000","0.0000000000","0.0003963690","0.0002160870","0.0004913550","0.0038998150","0.0029900650","0.0015426250","1.7976150000","0.0009233600","0.0136188240","0.0005650510","0.0008153160","0.0015338550","0.0011643130","0.0001143190","0.0024355180","0.0013277900","0.1453570500","0.1219044000","0.1212110000","0.0017250750","0.0251752000","0.0000000000","0.0000000000","0.0022840050"
"NTG",6,"0.0094127750","0.0045650000","0.0000000000","0.0000000000","0.0005805000","0.0122268500","0.0030500000","0.0000000000","0.0000000000","0.0003425000","0.0462463000","0.0073084840","0.0044714300","0.0321147190","0.0202472000","0.0061822150","0.0000000000","0.0000000000","0.0083700250","0.1621554330","0.1164328000","0.9414785000","0.0007422660","0.0446430500","0.0008875750","0.0071649630","0.0022034300","0.0004399870","0.0169316170","0.0000000000","0.0036646600","0.0000000000","0.0000000000","0.0012257690","0.0003044080","0.0568500000","0.3838710000","0.0000665605","0.0047665650","0.0008125590","0.1148220500","0.1520388000","0.0103310500","0.0175401500","0.0006801880","0.2932591000","1.0580485500","2.7379773330","2.0697326670","0.0107484100","0.0010558460","0.0052427450","0.0058591100","0.0466972500","0.0050177300","0.0420561300","0.0009015600","0.0313596500","0.0024019900","0.0115341850","0.0262422920","0.0081759400","0.0040166850","0.0035857630","0.0000000000","0.0565950470","0.0110397880","0.0874284000","0.0508959930","0.0000000000","0.0001016290","0.0000523285","0.0003651620","0.0126862000","0.0007513550","0.0006082200","0.0003100340","0.0011476400","0.0175567800","0.0026404250","0.2873960000","0.3200376750","0.1681530000","0.2953499750","4.0165792500","1.9116635000","0.0026145800","0.1050236000","0.0031239400","0.1277417500","0.0363874000","0.0533994830","0.2548730000","0.5248662500","0.3529215000","0.1176297000","0.0121818740","4.6889550000","0.0238557000","0.0367250500","0.0913097750","0.0147352830","0.0255310750","0.0447171800","0.0099858020","0.0000000000","0.0071803000","0.0003430890","0.0115032030","0.0100209300","0.0203199800","0.0078245500","0.0010536980","0.0019590250","0.0579945250","0.0017188530","1.3605300000","0.0033157850","0.0584478250","0.0371300500","0.0537734500","0.0063143750","0.0266710250","0.0087543480","0.0039765700","0.0039804850","0.0305500000","0.0037900000","0.0166950000","0.1223840000","0.0004985000","0.0012300000","0.0029350000","0.0192400000"
"NTG",6,"0.000934716","0.000205931","0.002961595","0.354359000","0.001345514","0.001451440","0.000273665","0.000000000","0.001041760","0.000570314","0.001523894","0.000662428","0.000813709","0.019754661","0.000194260","0.001788335","0.000000000","0.000000000","0.031446898","0.035375847","0.184015000","0.965646500","0.000881895","0.041279950","0.004035695","0.000000000","0.000000000","0.001461712","0.001927028","0.000000000","0.001520124","0.000000000","0.000000000","0.000615286","0.001805308","0.012437820","0.153906500","0.004780586","0.002162200","0.003027975","0.069702688","0.008582000","0.015794750","0.002167480","0.000316492","0.260375167","0.154773750","6.013760000","5.343179167","0.001954290","0.002530190","0.000914852","0.005845750","0.062125300","0.008488087","0.000180236","0.000000000","0.012360875","0.001346870","0.021739265","0.007464905","0.001227050","0.000000000","0.001061628","0.000000000","0.033356023","0.010643575","0.558073200","0.103726750","0.000000000","0.000000000","0.001427300","0.000918017","0.009921220","0.000000000","0.000000000","0.000000000","0.007626930","0.000000000","0.000000000","0.031250000","0.084002050","0.064214025","0.117083000","2.981457500","5.432076667","0.085055000","0.416392500","0.261890000","0.213367925","0.000164500","0.001450083","0.002850500","0.041012400","0.002210000","0.027221508","0.010102330","6.599445000","0.029850000","0.008410000","0.012116708","0.013414570","0.006547110","0.055877475","0.013895044","0.000000000","0.001700000","0.000000000","0.011051224","0.000605000","0.000588235","0.000491000","0.000353500","0.000000000","0.009699600","0.000388345","2.752880000","0.007480000","0.478817475","0.001248015","0.003770257","0.015965248","0.010219352","0.000403651","0.001913624","0.009304225","0.345516000","0.082589650","0.011358600","0.063332400","0.002406770","0.001313125","0.000382648","0.033543675"
"NTG",6,"0.001180310","0.000390734","0.000000000","0.001359120","0.000627390","0.001303617","0.002940430","0.000000000","0.003855275","0.001764570","0.010587190","0.003883532","0.002990805","0.003922564","0.001021110","0.000000000","0.040420500","0.000620215","0.005553043","0.011322162","0.240933500","1.244779000","0.002760080","0.022083450","0.001775295","0.004326080","0.001014967","0.000475681","0.007434190","0.001000510","0.001243935","0.000000000","0.000564030","0.000830939","0.000420006","0.040038200","0.347216000","0.000201063","0.007962255","0.000811485","1.809606713","0.014246500","0.033488300","0.005270245","0.001970675","0.253117050","0.190652425","4.573867333","3.111924167","0.015072000","0.000527412","0.002877645","0.059536355","0.068145800","0.000000000","0.069478085","0.000714920","0.006247435","0.001107345","0.001436060","0.019953683","0.007742925","0.001792125","0.000616330","0.000000000","0.005984567","0.009039545","0.361658483","0.080608700","0.000000000","0.000094226","0.000269213","0.000393426","0.006905835","0.001074640","0.000736307","0.002444610","0.000476968","0.000000000","0.000492432","0.042707950","0.090252325","0.024640565","0.084442140","5.449716750","7.494968333","0.026164135","0.013003435","0.043670925","0.503868250","0.000331081","0.037826816","0.000235227","0.002850151","0.000634655","0.022941475","0.050647870","5.107345000","0.039848960","0.014768900","0.036592055","0.016266510","0.016410580","0.008691725","0.005939943","0.000482728","0.002630571","0.000000000","0.000689935","0.000000000","0.001410389","0.000250449","0.000593649","0.000000000","0.008067415","0.000269465","1.640600000","0.001709250","2.025384275","0.000992201","0.008180020","0.002675975","0.034107450","0.005305229","0.001951135","0.002075655","0.708970350","2.132357000","1.623610500","0.088992700","0.009775599","0.004501532","0.021149150","0.112756000"
"NTG",6,"0.007000676","0.000000000","0.004422820","0.000000000","0.000790372","0.001180176","0.001267610","0.000000000","0.000000000","0.000351243","0.024918750","0.001709425","0.000604972","0.010356290","0.000000000","0.008191195","0.005221250","0.000000000","0.005530553","0.032445213","0.069307650","0.604061000","0.000521128","0.005778845","0.001721843","0.004814578","0.000212901","0.000243491","0.014306523","0.000626615","0.001519183","0.000000000","0.000000000","0.002990327","0.003279173","0.009887320","0.174694450","0.000000000","0.000989146","0.001298400","1.265557294","0.024721610","0.007149650","0.004954905","0.000316366","0.197816583","0.377840150","2.565772667","1.037077833","0.005092300","0.002129571","0.004990875","0.035009800","0.038372650","0.003306130","0.056102250","0.024382334","0.015865260","0.004235420","0.000000000","0.060463184","0.024344600","0.001309340","0.026834500","0.001865287","0.009354639","0.001899695","0.244374287","0.022784113","0.000567405","0.001684317","0.000165783","0.004897065","0.004251875","0.003677462","0.000000000","0.001437295","0.005150967","0.005901840","0.002168350","0.220506500","1.863506500","1.337042250","0.296359425","4.578971750","3.253643333","0.001788740","0.022292450","0.005250845","1.310483000","0.011142130","0.130269233","0.008926205","1.554915750","5.882210000","0.016802493","0.026478898","3.765345000","0.007452625","0.041480250","0.140750750","0.118062850","0.063417900","0.007660843","0.009789697","0.000629145","0.002191925","0.015227775","0.012532908","0.000337292","0.048518758","0.004958995","0.002937583","0.004731220","0.015084030","0.000407786","1.699000000","0.000429801","0.719336000","0.048398900","0.025224418","0.010245665","0.096165700","0.005294390","0.010303315","0.009420050","0.135393000","0.059239450","0.330351500","0.042206450","0.001139646","0.002264985","0.024579325","0.046186400"
"NTG",6,"0.005514263","0.018415305","0.008514250","0.000234053","0.001826746","0.002696623","0.002583645","0.000000000","0.000000000","0.004320720","0.029040015","0.000179315","0.001157445","0.000200014","0.000574025","0.003050160","0.001217820","0.000654570","0.009562575","0.000859376","0.090989200","0.529612500","0.003287859","0.020637750","0.006408565","0.002214849","0.000663250","0.001001331","0.000185979","0.001899370","0.000625365","0.000000000","0.000000000","0.001454227","0.000268105","0.026130500","0.144103000","0.000446806","0.020574685","0.003015630","1.012625238","0.000332961","0.000517030","0.010765720","0.000000000","0.234218000","0.106234050","2.283350500","2.172488333","0.012707165","0.000161227","0.000337383","0.000000000","0.020261900","0.000515990","0.000927066","0.000357522","0.003769615","0.001004672","0.003814380","0.069959148","0.000382707","0.000268948","0.000483258","0.000000000","0.037624893","0.017973570","0.344866717","0.038926117","0.002066640","0.000747900","0.000492268","0.001191385","0.011587100","0.003628320","0.004728947","0.000285845","0.000000000","0.001348331","0.000000000","0.008590486","0.010895593","0.015696900","0.022012515","0.445260225","4.456353333","0.006999551","0.028415100","0.004660335","0.596600000","0.000000000","0.050659496","0.005765820","0.001591940","0.000000000","0.020731675","0.000983092","4.927565000","0.051668150","0.001098409","0.000610561","0.000926200","0.005912353","0.009938058","0.020338433","0.000000000","0.002264775","0.000000000","0.009155748","0.000737000","0.001434730","0.000298119","0.000157927","0.000000000","0.021507005","0.004191903","2.892110000","0.017576510","0.275082525","0.001062983","0.007344473","0.087368650","0.003452523","0.000201868","0.004149480","0.003442468","0.358458500","0.357347500","0.463103500","0.007037955","0.013056495","0.001964335","0.018068624","0.006667055"
"NTG",6,"0.005239389","0.001838230","0.000000000","0.021168550","0.005042545","0.001352324","0.003124690","0.000000000","0.002060580","0.002747780","0.010615635","0.000461028","0.000766973","0.007557381","0.001148040","0.002959508","0.008532400","0.001346385","0.013448612","0.051837527","0.048649700","0.367654500","0.002208633","0.002108040","0.002854995","0.006708110","0.002747465","0.001451162","0.013322925","0.000000000","0.000000000","0.000000000","0.000000000","0.002671858","0.001003083","0.037828650","0.270887000","0.000774120","0.029570040","0.002226660","1.005921188","0.132838500","0.042767850","0.022993050","0.002217054","0.226171450","0.741048025","1.965642500","1.925965000","0.160007500","0.133794500","0.004645595","0.070047550","0.054969750","0.002192062","0.000370788","0.000536149","0.009915245","0.001804980","0.001924780","0.056362291","0.003806920","0.004360140","0.003006810","0.005265550","0.050996636","0.023879690","0.203916683","0.049174083","0.000150776","0.000257134","0.000859321","0.002289990","0.017376200","0.000191036","0.000355060","0.001144480","0.004793025","0.000000000","0.003648420","0.025169450","0.062768650","0.135866375","0.061740825","0.445523500","1.890786667","0.033875795","0.007842960","0.002724170","0.533752250","0.000122943","0.017927497","0.005149190","0.020305337","0.003351770","0.036155225","0.001141508","4.741860000","0.011681815","0.003212455","0.017185843","0.005169080","0.010819563","0.018310615","0.013707055","0.000000000","0.000000000","0.000000000","0.002503782","0.001009301","0.006049737","0.000979111","0.001866140","0.007229600","0.017767445","0.006775815","3.223620000","0.001035430","0.075115275","0.010630355","0.010782738","0.004696790","0.014703893","0.003055930","0.003654865","0.000944183","0.322757500","0.396567000","0.336526000","0.010781180","0.013632500","0.007027794","0.007780990","0.015553565"
"G20",6,"0.0034964400","0.0008841000","0.0000000000","0.2510321000","0.0001097800","0.0002711420","0.0011960130","0.0116557000","0.0009238400","0.0007677110","0.0056925060","0.0046825900","0.0005655150","0.0237541500","0.0002409660","0.0148650300","0.0873490800","0.0006201850","0.0319736970","0.0176182780","0.1556430000","2.1310600000","0.0000000000","0.0681825000","0.0100200950","0.0009455700","0.0002253970","0.0001410950","0.0062385250","0.0000000000","0.0441348000","0.0000000000","0.0000000000","0.0003606190","0.0002965710","0.0192784500","1.8599600000","0.0000571465","0.0016525080","0.0032001650","0.1578923880","0.0163078650","0.0181952450","0.0122493100","0.0138337040","0.1619253830","0.1374057250","2.3962998330","1.2550380000","0.0075925850","0.0002034890","0.0021010500","0.0034725450","0.0273645000","0.0036530100","0.0322350500","0.0017217900","0.1542143500","0.0014828450","0.0168645000","0.0119519640","0.0000733195","0.0378562390","0.0033117200","0.0000000000","0.0062350200","0.0072011650","0.0176740740","0.0069438420","0.0000000000","0.0000000000","0.0000558265","0.0081377410","0.0125947900","0.0001877270","0.0000000000","0.0002860790","0.0000000000","0.0000000000","0.0000000000","0.3502975000","0.7238967500","0.7504962500","0.4043669000","5.7855197500","6.0645250000","0.0080042550","0.2547565000","0.0414370500","0.3280392500","0.0008335400","0.0034123250","0.0116086600","0.0414734750","0.0004367200","0.0468181330","0.0035154730","3.1753000000","0.0044112500","0.0197098100","0.0675646000","0.0125578430","0.0728245250","0.0039507000","0.0104789850","0.0000000000","0.0000000000","0.0002538540","0.0173738630","0.0000000000","0.0030891200","0.0011745250","0.0001364090","0.0000000000","0.0055541200","0.0002224950","0.7808490000","0.0066303650","0.4419560750","0.0004689420","0.0011221830","0.0020540400","0.0158874230","0.0000562310","0.0014950520","0.0000000000","3.1493100000","0.0608176000","0.4709280000","0.0190855500","0.0003668640","0.0033293530","0.0034384700","0.0178905000"
"G20",6,"0.004430336","0.000715470","0.000000000","0.002669242","0.000175644","0.000810522","0.001982852","0.000000000","0.000000000","0.000778429","0.030176200","0.001905770","0.000494378","0.004866688","0.000908035","0.002898800","0.087438175","0.000000000","0.010076105","0.016663128","0.094316050","0.611818000","0.000169906","0.015737210","0.001259932","0.000405523","0.000149806","0.001481085","0.005145623","0.000000000","0.000334028","0.000000000","0.000000000","0.001161090","0.000599639","0.022413290","0.129109900","0.002033455","0.001383830","0.000726975","0.804679750","0.018943300","0.008462014","0.002352420","0.000328634","0.141962367","0.227286588","3.527325000","3.973881167","0.005248715","0.000000000","0.009960920","0.024036850","0.070644600","0.000000000","0.000181481","0.000361579","0.008408900","0.027091950","0.004841945","0.021363108","0.004839880","0.000872219","0.002243025","0.001492550","0.074007805","0.023506998","0.102999850","0.050624483","0.000000000","0.001014752","0.002983275","0.003652150","0.010133880","0.000000000","0.000000000","0.000000000","0.000171982","0.001002770","0.000693750","0.125120500","0.137264500","0.083029400","0.229311825","3.715103500","8.399303333","0.012510280","0.052723950","0.003265295","1.499706500","0.006462075","0.005463276","0.004029560","0.006284128","0.035840500","0.043564725","0.002950765","4.743910000","0.001738330","0.024340985","0.061696150","0.008757693","0.006028083","0.008839720","0.016483542","0.000000000","0.000000000","0.000000000","0.022879500","0.001661080","0.005056578","0.000367442","0.000000000","0.001390500","0.023144875","0.000544600","1.575815000","0.033994650","0.097343500","0.002436161","0.005603270","0.004615000","0.012415000","0.000266628","0.000955373","0.000000000","0.214202000","0.359735000","0.208992500","0.027302100","0.026250245","0.011018612","0.002821930","0.046056450"
"G20",6,"0.0020464060","0.0068579100","0.0023450500","0.0036072700","0.0002193540","0.0017284660","0.0027585580","0.0010197400","0.0015541600","0.0023873000","0.0096914350","0.0004830290","0.0016734350","0.0381685000","0.0013433490","0.0730845500","0.3785820500","0.0018602350","0.0113007320","0.0260220120","0.1136769000","0.7950715000","0.0000634815","0.0400792500","0.0118405180","0.0107328850","0.0000000000","0.0001293030","0.0074534200","0.0002724200","0.0032986950","0.0000000000","0.0000000000","0.0039207280","0.0004570720","0.0193840000","0.4364785000","0.0006643320","0.0034336400","0.0017043700","0.5233415630","0.0720036000","0.0216596650","0.0116818550","0.0006660700","0.2621323000","0.3940910700","4.8396600000","2.4250451670","0.0051528960","0.0004982610","0.0092390200","0.0092408630","0.0272712500","0.0072789000","0.0052265540","0.0027000100","0.0021336400","0.0000000000","0.0087430550","0.0206953330","0.0141049250","0.0135749650","0.0388307000","0.0003756550","0.0633565940","0.0163570480","0.0816526670","0.0336876170","0.0000000000","0.0008696550","0.0050808050","0.0007841610","0.0023703400","0.0032968250","0.0013003000","0.0000000000","0.0000000000","0.0018382260","0.0021242100","0.5375165000","1.1663795000","1.0956015000","0.6474627500","2.5718345000","6.1397966670","0.0150911950","0.2907105000","0.1167170500","1.2259086500","0.6049690000","0.0476815400","0.5796530000","0.3742962500","0.0888333000","0.0454441500","0.0045907900","5.2475300000","0.0131653850","0.0653353500","0.1945019000","0.1184461500","0.0694437500","0.0355591600","0.0104063320","0.0016325950","0.0026082600","0.0175188500","0.0126868880","0.0094607370","0.0214734700","0.0211809500","0.0012798750","0.0041700400","0.0033174500","0.0041859060","1.9078950000","0.0022784200","0.5515315000","0.0266024730","0.0323997250","0.0046817450","0.0368807250","0.0058814310","0.0048888750","0.0247518000","0.2919335000","0.0238622150","0.1688660000","0.0435010000","0.0001099010","0.0024395340","0.0203271600","0.0193863500"
"G20",6,"0.003595060","0.001171220","0.006645850","0.138456850","0.006628975","0.010552390","0.004385405","0.002930490","0.001007760","0.002070520","0.007030955","0.003141049","0.004184995","0.001543783","0.010187945","0.047289070","0.002437985","0.003271780","0.032602632","0.005558870","0.168262500","0.736936000","0.003264500","0.085394950","0.007758430","0.000452944","0.001453165","0.001977967","0.009290169","0.002436090","0.012446825","0.000000000","0.000000000","0.005859228","0.001087887","0.108843300","0.287762500","0.001362189","0.015250000","0.008217925","0.026363086","0.007524680","0.008318800","0.021595150","0.016142300","0.369897500","0.285491250","3.567505000","5.024685000","0.002879430","0.001579420","0.002135160","0.007597233","0.025992200","0.000374236","0.005874545","0.004646500","0.018248900","0.008712785","0.044674600","0.016169256","0.001469381","0.000329167","0.001737030","0.000000000","0.052388980","0.043094940","0.757359650","0.149639317","0.000831300","0.000324005","0.001666860","0.000104441","0.012165000","0.002293535","0.001310680","0.000000000","0.001289562","0.010146950","0.000747050","0.009764845","0.010313313","0.035719240","0.098104353","4.703410000","3.685500000","0.090235650","0.056314950","0.017203300","0.204255500","0.000000000","0.009026183","0.000758941","0.037546958","0.005863595","0.019996280","0.007561150","6.913655000","0.382947000","0.005105745","0.017328635","0.002239645","0.004616098","0.252439725","0.031325583","0.002261970","0.005601380","0.003553015","0.044460068","0.000288302","0.001193761","0.002423415","0.001535465","0.000555840","0.019890050","0.002117081","4.019690000","0.017339520","0.052971813","0.000760750","0.010173790","0.016797350","0.006228630","0.000196324","0.003646158","0.009903725","0.273388500","0.137609550","0.054011350","0.018018000","0.110161600","0.004096705","0.005143470","0.076283800"
"G20",6,"0.002698119","0.000725375","0.004246285","0.188201850","0.003269540","0.001544113","0.002970475","0.000000000","0.000000000","0.001462826","0.017667140","0.001097264","0.000206939","0.000385207","0.002195850","0.016592740","0.000000000","0.001308900","0.013499577","0.000642490","0.129097500","0.483588000","0.001387251","0.036890100","0.006805785","0.003007880","0.001100879","0.002777906","0.001555576","0.004891215","0.002763335","0.000000000","0.000000000","0.002400072","0.000946473","0.043889500","0.218543000","0.000166507","0.009380655","0.000681976","0.475756021","0.001065735","0.002708280","0.021948365","0.004116720","0.225383367","0.246850500","2.094120000","4.520387000","0.000821890","0.000808435","0.004081050","0.005600135","0.076780950","0.000000000","0.004057490","0.001429345","0.023232450","0.009225270","0.152078000","0.022394460","0.000746830","0.014948010","0.002915930","0.000000000","0.055034218","0.079761583","0.366073950","0.096883867","0.000534800","0.001079295","0.000729682","0.002480405","0.015425075","0.000000000","0.000000000","0.001394465","0.007521580","0.001026345","0.007384620","0.004708325","0.019332200","0.047745108","0.135636350","6.545530000","3.297508333","0.025859400","0.025258250","0.025229400","0.279881500","0.001268950","0.008715893","0.001581112","0.025969188","0.005854135","0.035405368","0.002365765","4.895180000","0.019643995","0.000484042","0.003192045","0.009672943","0.003445138","0.036105950","0.021749392","0.000000000","0.002897337","0.000000000","0.008367340","0.000120090","0.003861609","0.001645355","0.001042625","0.000554980","0.023426883","0.003187433","2.637310000","0.018234550","0.086127635","0.000928061","0.003048968","0.009077200","0.004113005","0.000653553","0.003646213","0.000526865","0.518911000","0.231552500","0.332956500","0.019215400","0.097235050","0.007842815","0.004681225","0.008192855"
"NTG",9,"0.002669345","0.002146664","0.000000000","0.001194250","0.004992000","0.001953695","0.000396694","0.001203080","0.000000000","0.000595474","0.043614450","0.001820472","0.000791741","0.024808860","0.002708680","0.001398440","0.005233975","0.007016450","0.025991945","0.220738620","0.201447500","1.175501000","0.003183000","0.017429520","0.001726434","0.002354310","0.004012550","0.002211500","0.016260000","0.005358643","0.000537795","0.000000000","0.001286415","0.000843093","0.002153090","0.040823050","0.347702000","0.002060575","0.004534286","0.000182474","1.081247375","0.130690350","0.062250800","0.023395850","0.002851030","0.465726500","0.532013650","4.526355000","4.103864167","0.017259360","0.002627600","0.001542575","0.005889645","0.075763050","0.017107500","0.000000000","0.001786760","0.020558900","0.008861720","0.005406190","0.088529296","0.038758600","0.098014100","0.005801060","0.000327206","0.119856283","0.152531275","1.346854667","0.202097033","0.001710242","0.000618365","0.000990261","0.002287243","0.006903642","0.000000000","0.002532590","0.000223720","0.000692045","0.000231102","0.000143621","0.026621650","0.113900425","0.065935275","0.174780150","3.009562000","6.426453333","0.009717520","0.019990400","0.001006390","1.448585500","0.000668782","0.044809842","0.001604900","0.002413338","0.001308330","0.059032325","0.005618910","5.494325000","0.241753150","0.032035900","0.100274050","0.034134068","0.042964875","0.136497140","0.078020508","0.000405765","0.000623945","0.001645120","0.042328475","0.007498410","0.012599722","0.004586005","0.021571950","0.015773900","0.028309625","0.003645349","2.618050000","0.062941850","0.169633600","0.005910763","0.032347500","0.054057950","0.091738150","0.008335345","0.015346400","0.035808350","0.582021500","0.516314500","0.494126500","0.085399600","0.301605000","0.025183025","0.026254780","0.058349100"
"NTG",9,"0.013961358","0.002246860","0.000000000","0.781537500","0.009760630","0.008902508","0.000717340","0.000000000","0.006914000","0.002393000","0.049696650","0.004357760","0.007865850","0.027465468","0.012150000","0.020054135","0.000000000","0.003101265","0.016854558","0.169978985","0.175679000","0.860380500","0.002589030","0.088664000","0.004904765","0.006181220","0.003183540","0.001346986","0.013565805","0.001841415","0.000162905","0.000000000","0.000000000","0.001226172","0.009720642","0.051221650","0.331342500","0.003633349","0.006234205","0.001601812","0.261686375","0.103060950","0.019907350","0.014482750","0.002101410","0.518251833","0.763099350","2.945240000","2.707745000","0.002414340","0.002628890","0.002774020","0.003939290","0.046216200","0.016506200","0.003336520","0.002151925","0.022904300","0.005045760","0.010525875","0.044208425","0.023124400","0.009785175","0.003962553","0.000000000","0.153995933","0.106390625","0.574043500","0.140656350","0.000675000","0.000310000","0.000528916","0.001147815","0.007269960","0.004429260","0.001961270","0.001128922","0.000406755","0.000000000","0.001542672","0.080176800","0.225164750","0.257432600","0.203194650","4.605700000","4.236548333","0.011981400","0.017210950","0.001484000","0.659009250","0.001074391","0.020922797","0.003850100","0.033128075","0.049619555","0.143003650","0.011600050","7.363860000","0.016344550","0.066303800","0.143060750","0.100947475","0.017802115","0.011946525","0.040622205","0.000202575","0.001136650","0.000000000","0.027834600","0.002204625","0.035074700","0.001484650","0.000622456","0.000927680","0.070483775","0.001050501","2.825320000","0.069342000","0.386671250","0.007643617","0.015949300","0.487912500","0.051556375","0.008176278","0.014566313","0.003280330","0.784599000","0.456510500","0.293731000","0.165494000","0.183041500","0.034677300","0.051878000","0.018253500"
"NTG",9,"0.029627603","0.008114570","0.000000000","5.804555000","0.021961050","0.003143335","0.000994272","0.001089395","0.000000000","0.011817140","0.032099600","0.001259597","0.003074135","0.010927501","0.000463111","0.003597690","0.023471780","0.003720115","0.030600513","0.083028799","0.309471000","1.154965000","0.003195255","0.108318750","0.009877540","0.004785410","0.001353768","0.000493566","0.001460159","0.000000000","0.001771342","0.000000000","0.000000000","0.002634302","0.000213092","0.125756500","0.601653500","0.002802538","0.036015250","0.008366495","0.190937125","0.072189600","0.047703400","0.022337000","0.001584419","0.465426333","0.804660750","4.628836667","4.883123333","0.069091650","0.003182775","0.011585980","0.009395930","0.144714500","0.002318750","0.001186130","0.004841385","0.045593550","0.012407500","0.082296150","0.032423483","0.016581750","0.011161415","0.001226485","0.000327206","0.102264550","0.101010850","1.303586000","0.369052200","0.000168852","0.000075725","0.001048500","0.001307290","0.026573200","0.003317655","0.000389621","0.000223674","0.001898795","0.003003971","0.001218150","0.055134350","0.160095600","0.178641950","0.704858125","7.998922500","7.050101667","0.080794950","0.143562500","0.080306000","0.586890000","0.028575365","0.053887250","0.057631250","0.083620525","0.009569800","0.126841350","0.025112135","9.341805000","0.101399850","0.021088500","0.054346050","0.043858025","0.024720228","0.059562975","0.088404383","0.000000000","0.007863075","0.000930284","0.031242412","0.007343740","0.024699780","0.009372355","0.011208772","0.012525250","0.071258300","0.006133090","2.741120000","0.067079700","0.457062475","0.034563825","0.055393925","0.107185650","0.050973300","0.011562210","0.013877385","0.005555995","0.846800000","0.339848000","0.182930500","0.157927500","0.291810000","0.020375450","0.023179700","0.112579500"
"NTG",9,"0.004651041","0.003706615","0.000000000","0.461587000","0.004192035","0.000654258","0.002241235","0.005595200","0.000000000","0.000910752","0.012109895","0.001988170","0.001083821","0.008305492","0.007401355","0.003391840","0.003486080","0.001859820","0.022736548","0.027251275","0.309913000","1.050341500","0.005773760","0.180123000","0.003326455","0.002866865","0.000555430","0.000406442","0.001045145","0.000000000","0.000805360","0.000000000","0.000000000","0.000761434","0.000656006","0.093194700","0.508090500","0.002838744","0.024293500","0.001656965","0.171617875","0.012753100","0.060888600","0.034160300","0.004581975","0.475681667","0.617451000","4.941116667","5.921445000","0.004026365","0.005135055","0.016057240","0.010945680","0.076950300","0.001121502","0.000169491","0.002500420","0.008521300","0.004431290","0.010843045","0.013671549","0.015237250","0.001335428","0.001691197","0.000232500","0.122459433","0.130795050","1.456769833","0.374058833","0.000000000","0.000551029","0.002921930","0.011324615","0.011731630","0.002432885","0.001364777","0.000000000","0.000542099","0.000000000","0.001794540","0.056071650","0.135152800","0.138441200","0.478037000","8.941472500","4.619731667","0.052549400","0.017983300","0.018607050","0.630544500","0.080462400","0.020165120","0.023502000","0.062310450","0.099312975","0.112338750","0.015063590","8.809430000","0.124961800","0.026777500","0.054926550","0.093302225","0.058575920","0.018192400","0.024981933","0.000000000","0.000292653","0.000000000","0.025318778","0.001536675","0.024594035","0.005286360","0.005329108","0.024596605","0.050024725","0.008045079","2.740600000","0.063213350","0.080311100","0.042915175","0.025262475","0.021539200","0.031739395","0.008797058","0.014312725","0.415147850","0.582389000","0.703729000","0.410019500","0.121770000","0.111992500","0.019350000","0.029100000","0.043900000"
"NTG",9,"0.0037205010","0.0009179350","0.0050637750","2.2268650000","0.0044657580","0.0010584250","0.0007620550","0.0000000000","0.0016300000","0.0000000000","0.0169193500","0.0007894300","0.0023162500","0.0056587200","0.0004450000","0.0082518450","0.1507095500","0.0069130500","0.0316650830","0.1157362630","0.2091665000","1.3499200000","0.0016198550","0.0391038500","0.0115477500","0.0046742100","0.0000659765","0.0016829800","0.0091260520","0.0000000000","0.0003080000","0.0000000000","0.0000000000","0.0015718780","0.0010290880","0.0883530000","0.7219160000","0.0011925350","0.0409409000","0.0008823560","0.3803235630","0.0118280750","0.0528285500","0.0243409000","0.0062212050","0.3896188330","1.1592757500","3.3551066670","2.5459183330","0.0075024000","0.0011609750","0.0015007750","0.0005401200","0.0495305500","0.0000000000","0.0017842600","0.0037046000","0.0082525300","0.0006444320","0.0096979550","0.0154976360","0.0020297450","0.0008979250","0.0017585300","0.0000000000","0.1346364000","0.1680331750","1.4958445000","0.2682475670","0.0000000000","0.0287269400","0.0006599350","0.0002180000","0.0076357200","0.0000000000","0.0022260500","0.0004235750","0.0019753600","0.0000000000","0.0003855000","0.0285554500","0.0400478250","0.0222983250","0.1337386250","0.9864702500","3.7241683330","0.0185318000","0.0180217400","0.0576147500","1.0763135000","0.0000000000","0.0112501570","0.0038288400","0.0139987280","0.0053687700","0.1267044000","0.0073540180","6.0072150000","0.0638043500","0.0068691800","0.0410796000","0.0038417380","0.0147155930","0.0199069600","0.0323534450","0.0164463500","0.0006491480","0.0007598610","0.0072640780","0.0008376250","0.0063647400","0.0001763270","0.0007974950","0.0030736800","0.0628386250","0.0011667440","3.1030400000","0.0549374000","0.0663598500","0.0021405680","0.0182076480","0.0257828750","0.0112813000","0.0002397060","0.0041675960","0.0000000000","0.5009555000","0.5659350000","0.2348320000","0.0821791500","0.5910545000","0.0185790650","0.0061257350","0.0850315000"
"NTG",9,"0.0136667850","0.0034899050","0.0000000000","8.3286700000","0.0200964500","0.0082282500","0.0019820650","0.0013563750","0.0000000000","0.0016391500","0.0214997500","0.0021221700","0.0012753100","0.0176483980","0.0144520500","0.0676985500","0.0647074900","0.0048926100","0.0410532500","0.0571283930","0.2222385000","0.9460120000","0.0034865650","0.0813640000","0.0100030500","0.0037105600","0.0000715445","0.0005854200","0.0098106630","0.0013593900","0.0063877400","0.0016697000","0.0000000000","0.0011799570","0.0004617880","0.0396187000","0.3745240000","0.0012132400","0.0153007500","0.0026632350","0.8867147500","0.1388395000","0.0199474000","0.0449979500","0.0144861000","0.2574320000","0.4569507500","3.7315983330","3.5515788330","0.2431230000","0.0018427990","0.0099212700","0.0364352500","0.0626088000","0.0010998500","0.0000000000","0.0008314040","0.0395561550","0.0009302370","0.0269260500","0.0396219990","0.0051079470","0.0540428800","0.0009250840","0.0004651060","0.0228279170","0.0247317000","0.9250843330","0.1901342330","0.0003948260","0.0005273750","0.0004903640","0.0025049050","0.0163153100","0.0009689150","0.0001785880","0.0006902540","0.0001355890","0.0004621200","0.0038168100","0.3096205000","0.1967807500","0.1479652500","0.3831665000","4.7047375000","3.0466566670","0.0082250000","0.0605500000","0.0645000000","1.8322522500","0.0000000000","0.0711846000","0.0092000000","0.0143778750","0.0139700000","0.1212673750","0.0139817000","8.4732000000","0.1116860000","0.0562000000","0.1289712500","0.0356967250","0.0157627500","0.0582990250","0.0405230170","0.0002410000","0.0011550000","0.0023950000","0.0198541800","0.0002845000","0.0081753590","0.0036400000","0.0006147500","0.0000000000","0.0549354500","0.0039497650","2.8346250000","0.0459000000","0.2682735000","0.0220558750","0.0298889500","0.0115165500","0.0522646750","0.0022922550","0.0067875100","0.0048487200","1.1272220000","0.5869545000","0.9027680000","0.0564792500","0.2589270000","0.0609414500","0.1173270000","0.0333847000"
"G20",9,"6.204725e-03","3.189811e-03","1.816295e-02","1.189580e+01","5.888255e-03","4.571700e-03","3.288801e-03","0.000000e+00","0.000000e+00","5.476705e-03","2.914955e-02","7.751005e-03","1.286335e-03","1.376840e-02","2.546905e-03","1.624698e-03","8.405805e-02","1.860910e-03","3.098504e-02","8.047141e-02","2.207975e-01","6.844460e-01","1.651175e-03","1.029556e-01","6.486435e-03","7.586117e-03","1.172407e-03","3.350355e-03","2.297200e-02","7.270450e-04","4.302775e-03","0.000000e+00","9.031700e-03","1.493653e-02","9.343020e-04","1.147945e-01","5.353235e-01","3.667330e-04","1.290843e-02","1.536235e-03","3.308597e-01","7.562480e-02","9.764685e-03","1.750665e-02","1.345427e-02","5.245970e-01","6.639192e-01","5.067865e+00","3.993188e+00","2.128930e-02","4.923147e-03","4.075900e-03","4.934840e-02","8.836370e-02","3.057580e-02","0.000000e+00","3.571510e-04","2.563313e-02","3.810103e-02","1.045405e-01","5.281258e-02","2.782420e-02","1.868071e-02","1.692665e-03","9.303960e-04","1.646268e-01","1.023981e-01","9.055603e-01","1.826828e-01","6.470620e-04","1.662895e-03","4.695450e-05","7.626230e-04","1.273510e-02","2.933092e-03","1.786090e-04","0.000000e+00","7.864455e-03","0.000000e+00","2.245178e-03","1.943540e-01","2.260645e-01","1.892283e-01","2.033157e-01","3.386430e+00","5.256833e+00","8.011400e-02","9.729855e-02","2.104845e-02","6.732552e-01","7.950000e-04","1.764009e-02","6.548650e-03","3.329854e-02","7.826450e-03","7.130372e-02","1.615244e-02","7.116895e+00","3.230370e-02","2.307755e-02","1.431020e-01","4.705227e-02","3.646108e-02","4.003555e-02","7.387510e-02","9.091155e-03","5.120500e-03","2.265000e-04","6.829075e-03","0.000000e+00","1.480457e-03","1.348330e-03","5.214230e-04","0.000000e+00","6.942200e-02","5.017400e-03","3.347600e+00","6.735460e-02","2.090310e-01","1.199408e-03","1.639193e-02","4.204330e-02","1.085030e-01","8.074300e-04","4.024570e-03","1.214755e-01","8.439175e-01","4.854425e-01","2.265395e-01","2.277925e-01","1.276245e-01","2.774600e-02","1.273905e-02","1.944730e-02"
"G20",9," 0.012796243"," 0.038227850"," 0.000000000","25.799250000"," 0.045074500"," 0.009109061"," 0.003626455"," 0.001782785"," 0.005998103"," 0.001040616"," 0.029327700"," 0.004843495"," 0.000977334"," 0.046690398"," 0.000694635"," 0.008694855"," 0.011497395"," 0.003503280"," 0.046507533"," 0.143635372"," 0.225141500"," 1.073825000"," 0.003431160"," 0.086558900"," 0.007191095"," 0.002869270"," 0.001667850"," 0.001392977"," 0.030006768"," 0.000904275"," 0.001582903"," 0.000000000"," 0.000000000"," 0.002969025"," 0.001978951"," 0.064766950"," 0.577639000"," 0.001403106"," 0.030522050"," 0.008848875"," 1.513288000"," 0.084429050"," 0.054666300"," 0.093036250"," 0.038664300"," 0.722252667"," 1.652742900"," 5.561645000"," 4.897040000"," 0.018999400"," 0.022050545"," 0.006528970"," 0.046521205"," 0.133922000"," 0.004397200"," 0.000251158"," 0.002349110"," 0.041969235"," 0.010532405"," 0.498742500"," 0.101575441"," 0.026363350"," 0.010020060"," 0.003897245"," 0.001120785"," 0.373668517"," 0.551531465"," 1.802123667"," 0.393469167"," 0.003871296"," 0.000924651"," 0.000624671"," 0.000656265"," 0.046378850"," 0.000921600"," 0.000000000"," 0.000000000"," 0.006385290"," 0.002238705"," 0.003218100"," 0.378962500"," 1.328444500"," 0.870236500"," 0.688368000"," 1.310870000"," 3.003119667"," 0.076474050"," 0.074297350"," 0.034211950"," 1.119215750"," 0.001737965"," 0.069978690"," 0.001635560"," 0.102131980"," 0.018729250"," 0.080360050"," 0.019869548"," 4.394650000"," 0.237992450"," 0.150702500"," 0.728914250"," 0.538099300"," 0.346711850"," 0.100469750"," 0.111647600"," 0.000418067"," 0.000402979"," 0.000110087"," 0.022724250"," 0.001506995"," 0.010121210"," 0.000417081"," 0.000809980"," 0.004174745"," 0.035716100"," 0.006386888"," 1.856675000"," 0.021560900"," 0.748518500"," 0.005494135"," 0.027400600"," 0.098080500"," 0.178972250"," 0.001889238"," 0.011200863"," 0.015337300"," 0.915383500"," 1.346195000"," 1.930465000"," 0.200065000"," 0.577568000"," 0.358652000"," 0.245712000"," 0.034087400"
"G20",9,"0.0152044700","0.0031181950","0.0014050000","7.3624300000","0.0059757200","0.0006190260","0.0009800660","0.0006267850","0.0003350000","0.0005710720","0.0100267450","0.0003963360","0.0006541480","0.0075437830","0.0013889700","0.0163198650","0.1970494450","0.0000000000","0.0335161320","0.0773698690","0.1833125000","0.8249070000","0.0047431500","0.0682690500","0.0038137350","0.0001429360","0.0000633665","0.0007442150","0.0176552500","0.0000000000","0.0000000000","0.0000000000","0.0005645500","0.0014787910","0.0003601620","0.0542856500","0.3525500000","0.0007170310","0.0487384000","0.0020181600","0.1631588000","0.0091110650","0.0195926000","0.0514330500","0.0086181100","0.6067713330","0.4306537500","3.5396983330","3.2636118330","0.0388231500","0.0023305050","0.0068890350","0.0463305600","0.0746968500","0.0047868250","0.0000000000","0.0026783600","0.0147629800","0.0101900150","0.0233837500","0.0082586090","0.0187972000","0.0071661400","0.0061946090","0.0000000000","0.2390992500","0.1400171750","1.5777808330","0.2591014000","0.0000000000","0.0008128100","0.0013592660","0.0058831550","0.0154070500","0.0015685510","0.0000000000","0.0009054000","0.0123416500","0.0033482000","0.0026912950","0.0151719700","0.0361478000","0.0565066250","0.1057215000","2.5330727500","3.4251850000","0.0457136500","0.0690037500","0.0477806000","0.6383372500","0.0000000000","0.0198004580","0.0009768030","0.0585614360","0.0227366150","0.0358987500","0.0019069580","7.2485400000","0.1412477500","0.0026916400","0.0283424400","0.0145321300","0.0033506130","0.1187214200","0.0503660230","0.0000000000","0.0000000000","0.0006141550","0.0095471750","0.0005839970","0.0031316140","0.0009225440","0.0010728480","0.0000000000","0.0482388500","0.0007186730","3.3720550000","0.0457781500","0.0997496750","0.0011345000","0.0144725000","0.0986815000","0.0303505750","0.0019383660","0.0057397430","0.0008813900","0.9313010000","0.7934115000","0.6725625000","0.0498729000","0.8726125000","0.0449023500","0.0368144500","0.0625781500"
"G20",9," 0.004994008"," 0.004699435"," 0.007878100","25.971500000"," 0.026660250"," 0.003063538"," 0.005493465"," 0.000000000"," 0.015785400"," 0.002265725"," 0.049382900"," 0.001246138"," 0.000978140"," 0.002054440"," 0.004322375"," 0.022970775"," 0.014306155"," 0.001062575"," 0.055393317"," 0.094222851"," 0.174071500"," 0.837917000"," 0.003037000"," 0.121198450"," 0.004882305"," 0.004700025"," 0.000669530"," 0.000973645"," 0.010957904"," 0.000347756"," 0.009715145"," 0.000000000"," 0.000000000"," 0.002156250"," 0.000710556"," 0.112579400"," 0.526813000"," 0.001451195"," 0.029224700"," 0.002711235"," 0.725176713"," 0.005661545"," 0.008800560"," 0.012765355"," 0.005245555"," 0.642681833"," 0.440098250"," 5.636271667"," 3.910343333"," 0.058683950"," 0.004886620"," 0.008287085"," 0.114691000"," 0.147928000"," 0.001930920"," 0.003297400"," 0.008680800"," 0.016065850"," 0.001950330"," 0.135235500"," 0.081598716"," 0.005179150"," 0.004077870"," 0.002175000"," 0.000373000"," 0.248872550"," 0.251173625"," 1.942577000"," 0.473207667"," 0.000000000"," 0.016744350"," 0.001089700"," 0.016911250"," 0.021057000"," 0.000000000"," 0.000000000"," 0.000289500"," 0.000192075"," 0.000560000"," 0.000000000"," 0.025162350"," 0.029687075"," 0.122118975"," 0.184864800"," 2.070348250"," 3.359663333"," 0.149923000"," 0.069006350"," 0.248485500"," 0.900432500"," 0.001447159"," 0.025491367"," 0.004118870"," 0.047220800"," 0.086343295"," 0.308881400"," 0.035366003"," 9.646385000"," 0.065668550"," 0.009333460"," 0.009519595"," 0.041053555"," 0.047563775"," 0.256448575"," 0.090643633"," 0.001371560"," 0.002493445"," 0.003086185"," 0.023509663"," 0.002197115"," 0.019279320"," 0.003775620"," 0.001852315"," 0.000000000"," 0.086139950"," 0.001104059"," 2.971130000"," 0.030519670"," 0.056512275"," 0.014887223"," 0.024456088"," 0.014007100"," 0.040786850"," 0.002050461"," 0.005592323"," 0.000851901"," 1.138405000"," 0.701133500"," 0.334996000"," 0.119800400"," 0.576820500"," 0.079315850"," 0.027491200"," 0.087909550"
