Region,NTG-1M,NTG-1M,NTG-1M,NTG-1M,G20-1M,G20-1M,G20-1M,NTG-3M,NTG-3M,NTG-3M,NTG-3M,NTG-3M,NTG-3M,NTG-3M,NTG-3M,G20-3M,G20-3M,G20-3M,G20-3M,G20-3M,G20-3M,G20-3M,NTG-6M,NTG-6M,NTG-6M,NTG-6M,NTG-6M,NTG-6M,G20-6M,G20-6M,G20-6M,G20-6M,G20-6M,NTG-9M,NTG-9M,NTG-9M,NTG-9M,NTG-9M,NTG-9M,G20-9M,G20-9M,G20-9M,G20-9M
iMOs,0.001751163,0.000828428,0.000140578,0.001656205,0.000283373,0.00035713,0.000413279,0.00293925,0.001892028,0.001820875,0.006282334,0.003254305,0.004515948,0.007007378,0.000719529,0.003036919,3.28495E-05,0.012723755,0.002585143,0.001752271,0.000729263,0.000339298,0.009412775,0.000934716,0.00118031,0.007000676,0.005514263,0.005239389,0.00349644,0.004430336,0.002046406,0.00359506,0.002698119,0.002669345,0.013961358,0.029627603,0.004651041,0.003720501,0.013666785,0.006204725,0.012796243,0.01520447,0.004994008
iORB,0.000912415,0.000456207,0.000803428,0.000215694,0.00070363,8.53685E-05,0.000855,0.00178371,0.002636729,0.00639374,0.000233902,0.0020171,0.000539367,0.003965425,0.000834911,0.00073449,0.000185681,0.00150464,0,0.001787295,0.00279974,0.078976885,0.004565,0.000205931,0.000390734,0,0.018415305,0.00183823,0.0008841,0.00071547,0.00685791,0.00117122,0.000725375,0.002146664,0.00224686,0.00811457,0.003706615,0.000917935,0.003489905,0.003189811,0.03822785,0.003118195,0.004699435
iPL,0,0,0.000660305,0,0,0,0,0,0,0,0.0026229,0.001976755,0.0307838,0,0,0,0,0.1405535,0,0,0,0,0,0.002961595,0,0.00442282,0.00851425,0,0,0,0.00234505,0.00664585,0.004246285,0,0,0,0,0.005063775,0,0.01816295,0,0.001405,0.0078781
iAOB,0.01348893,0.0013832,0.00103789,0,0.00103756,0,0.00346,0,0.002140705,0,0.0034587,0,0.0051868,0,0,0,0.01521192,0,0,0.003121805,0,0.008339895,0,0.354359,0.00135912,0,0.000234053,0.02116855,0.2510321,0.002669242,0.00360727,0.13845685,0.18820185,0.00119425,0.7815375,5.804555,0.461587,2.226865,8.32867,11.8958,25.79925,7.36243,25.9715
iMOB,0.00328977,0.000725335,0.001368045,0.00208255,0.003596125,0.000398306,0.002977,0.000522847,0.00163357,0.001841624,0.00089056,0.005294385,0.005404715,0.00324646,0.002552195,0.00382621,0.00175909,0.000882466,0.001440035,0.001107243,0.002873225,0.00083276,0.0005805,0.001345514,0.00062739,0.000790372,0.001826746,0.005042545,0.00010978,0.000175644,0.000219354,0.006628975,0.00326954,0.004992,0.00976063,0.02196105,0.004192035,0.004465758,0.02009645,0.005888255,0.0450745,0.00597572,0.02666025
cMOs,0.001269347,0.001241383,0.001512277,0.000159977,0.001563005,0.000750219,0,0.00241004,0.003837211,0,0.000331968,0.006621515,0.015132773,0.003988578,0.000238237,0.001105674,0.00007249,0.002654278,0.002094962,0.002671478,0.001229637,0.00017196,0.01222685,0.00145144,0.001303617,0.001180176,0.002696623,0.001352324,0.000271142,0.000810522,0.001728466,0.01055239,0.001544113,0.001953695,0.008902508,0.003143335,0.000654258,0.001058425,0.00822825,0.0045717,0.009109061,0.000619026,0.003063538
cORB,0.00609425,0.00053793,0,0.00192296,6.20215E-05,0,0.000765,0.01366795,0.000268861,0.00322053,3.90138E-05,0.006252725,0.0056777,0.00029528,0.000663454,0.006168625,0,0.001431731,0.000782359,0.000342737,0.001277447,0,0.00305,0.000273665,0.00294043,0.00126761,0.002583645,0.00312469,0.001196013,0.001982852,0.002758558,0.004385405,0.002970475,0.000396694,0.00071734,0.000994272,0.002241235,0.000762055,0.001982065,0.003288801,0.003626455,0.000980066,0.005493465
cPL,0,0,0,0,0,0,0,0,0,0.001813435,0.00481603,0.0407498,0.0182305,0.001621325,0,0.003478985,0,0.0234874,0,0.001421465,0,0.030524385,0,0,0,0,0,0,0.0116557,0,0.00101974,0.00293049,0,0.00120308,0,0.001089395,0.0055952,0,0.001356375,0,0.001782785,0.000626785,0
cAOB,0.004144095,0.00075301,0,0,0,0.001995,0.0003985,0,0,0,0,0.00226043,0.000376736,0,0,0,0.00153812,0.004221785,0,0,0,0.00398902,0,0.00104176,0.003855275,0,0,0.00206058,0.00092384,0,0.00155416,0.00100776,0,0,0.006914,0,0,0.00163,0,0,0.005998103,0.000335,0.0157854
cMOB,0.001140051,0.001512175,0.001330195,0.000837554,0.000192148,0.001730465,0.0011385,0.00074545,0.000337875,0.001529445,0.001296845,0.00266257,0.001588347,0.001712807,0.000489733,0,0.001988034,0.000484801,0.000739058,0.000929751,0.001606115,0.001069287,0.0003425,0.000570314,0.00176457,0.000351243,0.00432072,0.00274778,0.000767711,0.000778429,0.0023873,0.00207052,0.001462826,0.000595474,0.002393,0.01181714,0.000910752,0,0.00163915,0.005476705,0.001040616,0.000571072,0.002265725
iACA,0.000098455,0.000585245,0.013456155,0.003025,0.000694955,0.00127544,9.86005E-05,0.005941467,0.000841584,0.02355865,0.00559614,0.000265137,0.008394845,0.000314792,0.000143409,0.000352032,0.00113573,0.000326482,0.01024643,0.00053,0,0,0.0462463,0.001523894,0.01058719,0.02491875,0.029040015,0.010615635,0.005692506,0.0301762,0.009691435,0.007030955,0.01766714,0.04361445,0.04969665,0.0320996,0.012109895,0.01691935,0.02149975,0.02914955,0.0293277,0.010026745,0.0493829
iMOp,0.00094602,0,9.83115E-05,0.0000965,0.001197471,0.000136404,0.002815805,0.002739095,0.001262905,0.000116603,0.0077974,0.001006431,0.000146956,0.000591788,0.000296436,0.000053357,0.00152084,0.00051389,0.00156086,0.000903029,0.000132468,0,0.007308484,0.000662428,0.003883532,0.001709425,0.000179315,0.000461028,0.00468259,0.00190577,0.000483029,0.003141049,0.001097264,0.001820472,0.00435776,0.001259597,0.00198817,0.00078943,0.00212217,0.007751005,0.004843495,0.000396336,0.001246138
iSSp-m,0.000338895,0.000644768,0.00210525,0.0009655,0.000197081,0.000728964,0.000613685,3.36725E-05,0.000639816,0.000310302,0.000764861,0.000205665,0.00081668,0.000270644,0.001170313,0.001526484,0,0.000508664,0.001640354,0.002233865,0.000462397,0.000213625,0.00447143,0.000813709,0.002990805,0.000604972,0.001157445,0.000766973,0.000565515,0.000494378,0.001673435,0.004184995,0.000206939,0.000791741,0.00786585,0.003074135,0.001083821,0.00231625,0.00127531,0.001286335,0.000977334,0.000654148,0.00097814
iSSs,0.000508827,0.000630218,0,0.000578833,0.000494175,0,0.000689891,0,0.0025843,0.000170503,,0.000386547,0.000567135,0.001831053,0.000511112,0.002116558,0.001411703,0.00299485,0.00095436,0.000485,0.000687729,0.000870369,0.032114719,0.019754661,0.003922564,0.01035629,0.000200014,0.007557381,0.02375415,0.004866688,0.0381685,0.001543783,0.000385207,0.02480886,0.027465468,0.010927501,0.008305492,0.00565872,0.017648398,0.0137684,0.046690398,0.007543783,0.00205444
iGU,0.004501942,0,0,0,0,0,0,0,0,0.001402565,0,0.00110614,0,0.0002802,0,0,0.000311085,0.001315615,0.0081203,0.00070648,0,0.00057876,0.0202472,0.00019426,0.00102111,0,0.000574025,0.00114804,0.000240966,0.000908035,0.001343349,0.010187945,0.00219585,0.00270868,0.01215,0.000463111,0.007401355,0.000445,0.01445205,0.002546905,0.000694635,0.00138897,0.004322375
iAI,0.002435815,0.000113123,0.000128262,0,0.001747415,0.002568479,0.000254527,0.000288728,0.001207115,0,0,0,0,0.00013936,0.00174219,0.001048123,0.001740548,0.006272665,0.00575222,0.001507545,0.000991585,0.002385135,0.006182215,0.001788335,0,0.008191195,0.00305016,0.002959508,0.01486503,0.0028988,0.07308455,0.04728907,0.01659274,0.00139844,0.020054135,0.00359769,0.00339184,0.008251845,0.06769855,0.001624698,0.008694855,0.016319865,0.022970775
iCLA,0,0,0,0,0,0,0,0,0,0,0,0,0,0.004528985,0.001736775,0,0,0,0,0,0,0,0,0,0.0404205,0.00522125,0.00121782,0.0085324,0.08734908,0.087438175,0.37858205,0.002437985,0,0.005233975,0,0.02347178,0.00348608,0.15070955,0.06470749,0.08405805,0.011497395,0.197049445,0.014306155
iEPd,0.003855345,0,0,0,0,0.004821709,0,0,0,0,0,0,0,0.03719932,0,0.00486508,0,0,0.00779535,0.00055156,0.00060586,0,0,0,0.000620215,0,0.00065457,0.001346385,0.000620185,0,0.001860235,0.00327178,0.0013089,0.00701645,0.003101265,0.003720115,0.00185982,0.00691305,0.00489261,0.00186091,0.00350328,0,0.001062575
iPIR,0.000231718,3.7355E-05,0,5.57332E-05,0.00027942,0.000931823,0.002272194,5.45817E-05,0.001194237,0.000656001,,0.007425617,0.002730567,0.001240783,0.000356101,0.001315703,0.003099975,0.017470486,0.000751751,0.008509843,0.000194209,0.000291941,0.008370025,0.031446898,0.005553043,0.005530553,0.009562575,0.013448612,0.031973697,0.010076105,0.011300732,0.032602632,0.013499577,0.025991945,0.016854558,0.030600513,0.022736548,0.031665083,0.04105325,0.03098504,0.046507533,0.033516132,0.055393317
iCP,0.002546345,0.002609154,0.001249904,0.000482724,0.008350957,0.015341337,0.00171821,0.00012323,0.00051724,0.004155715,0.001708681,0.032665366,0.014934699,0.005274866,0.007910296,0.007439015,0.005609158,0.009179942,0.004837401,8.64533E-05,0.002530496,0.00616355,0.162155433,0.035375847,0.011322162,0.032445213,0.000859376,0.051837527,0.017618278,0.016663128,0.026022012,0.00555887,0.00064249,0.22073862,0.169978985,0.083028799,0.027251275,0.115736263,0.057128393,0.080471409,0.143635372,0.077369869,0.094222851
iLS,0.002182425,0.002592783,0.000617902,0.0004525,0,0.00053329,0.000100552,0.0193016,0.0329476,0.00513882,0.01871942,0.003911045,0.014572405,0.003079645,0.00324982,0.002704754,0.00582624,0.00784974,0.00351991,0.01825145,0.0141013,0.008744195,0.1164328,0.184015,0.2409335,0.06930765,0.0909892,0.0486497,0.155643,0.09431605,0.1136769,0.1682625,0.1290975,0.2014475,0.175679,0.309471,0.309913,0.2091665,0.2222385,0.2207975,0.2251415,0.1833125,0.1740715
iMS,0.002653387,0.000491359,0.000174837,0.000186,0,0.000321713,0.000916775,0.0326453,0.077762325,0.01742255,0.05473003,0.02712632,0.0570794,0.0306345,0.0264319,0.00971576,0.01085282,0.05447165,0.0494893,0.09310945,0.04232795,0.011005255,0.9414785,0.9656465,1.244779,0.604061,0.5296125,0.3676545,2.13106,0.611818,0.7950715,0.736936,0.483588,1.175501,0.8603805,1.154965,1.0503415,1.34992,0.946012,0.684446,1.073825,0.824907,0.837917
iACB,0.000385182,0.000482168,0,0,7.96225E-05,0.001061542,0.000650255,0.000310977,0.001057598,0.000345614,0.00022363,0.000139419,0.002877773,0.002885601,0.00091004,0.0013633,0.001111835,0.000754479,0.001195933,0.000190904,0.000112971,0.000695246,0.000742266,0.000881895,0.00276008,0.000521128,0.003287859,0.002208633,0,0.000169906,6.34815E-05,0.0032645,0.001387251,0.003183,0.00258903,0.003195255,0.00577376,0.001619855,0.003486565,0.001651175,0.00343116,0.00474315,0.003037
iSI,0,0,0.000328229,0,0.004771935,0.000713645,0,0.00191971,0.00079406,0,0.001358585,0.000704243,0.005304332,0.00065575,0.000589266,0.002835905,0.000331937,0.000143756,0.00617965,0.000146875,0.004828225,0.002942425,0.04464305,0.04127995,0.02208345,0.005778845,0.02063775,0.00210804,0.0681825,0.01573721,0.04007925,0.08539495,0.0368901,0.01742952,0.088664,0.10831875,0.180123,0.03910385,0.081364,0.10295565,0.0865589,0.06826905,0.12119845
iOT,0.000455841,0,0.000237873,0.0021035,0.00026374,0.000679965,0.000322456,0,0.00114102,0,0,0.003481745,0.00605877,0.00118024,0.00059686,0.001160415,0.000135123,0.003226915,0.0098662,0.00243526,0.001920549,0.003678977,0.000887575,0.004035695,0.001775295,0.001721843,0.006408565,0.002854995,0.010020095,0.001259932,0.011840518,0.00775843,0.006805785,0.001726434,0.004904765,0.00987754,0.003326455,0.01154775,0.01000305,0.006486435,0.007191095,0.003813735,0.004882305
cACA,0.001154753,0,0.003531885,0.00355,0,0.000273412,0,0.000250068,0.000140799,0.013578208,0.000621705,0,0.001762395,0.000983824,0.000314225,0.000378734,0.017584675,0,0.000125056,0.00431179,0,0.001048011,0.007164963,0,0.00432608,0.004814578,0.002214849,0.00670811,0.00094557,0.000405523,0.010732885,0.000452944,0.00300788,0.00235431,0.00618122,0.00478541,0.002866865,0.00467421,0.00371056,0.007586117,0.00286927,0.000142936,0.004700025
cMOp,0.00076348,0.000085694,0.00132592,0.000933,0.001549985,0.000244957,0,0.003947407,0.00229662,0,0.01156755,0.00613875,0.004393625,0.00167515,0.122724718,0.000157613,0.000294262,0.004114295,0.000065121,0.000285186,0.000094298,0.00065894,0.00220343,0,0.001014967,0.000212901,0.00066325,0.002747465,0.000225397,0.000149806,0,0.001453165,0.001100879,0.00401255,0.00318354,0.001353768,0.00055543,6.59765E-05,7.15445E-05,0.001172407,0.00166785,6.33665E-05,0.00066953
cSSp-m,0.001276893,0.00429107,3.74889E-05,0.00007375,0.001202515,0.000199363,0.000069943,0.001134589,0.00140656,0.00351576,0.00088466,0.000580369,0.003001175,0.000224262,0.00128578,0.001915628,0.002247313,0.000491085,0.001442406,0.000051798,0.000124456,0.000149909,0.000439987,0.001461712,0.000475681,0.000243491,0.001001331,0.001451162,0.000141095,0.001481085,0.000129303,0.001977967,0.002777906,0.0022115,0.001346986,0.000493566,0.000406442,0.00168298,0.00058542,0.003350355,0.001392977,0.000744215,0.000973645
cSSs,0.000485176,0.000460058,0,0.002486975,0.000049888,0,0.000235257,0,3.11645E-05,0,0.001044661,2.60955E-05,0.001334108,0.007594788,4.37855E-05,0.007798072,0.00138894,0.017202053,0.000343101,0.000926094,0.001360934,0.001224389,0.016931617,0.001927028,0.00743419,0.014306523,0.000185979,0.013322925,0.006238525,0.005145623,0.00745342,0.009290169,0.001555576,0.01626,0.013565805,0.001460159,0.001045145,0.009126052,0.009810663,0.022972,0.030006768,0.01765525,0.010957904
cGU,0.000505325,0.004412845,0,0,0,0,0,0.000451594,0.000439727,0,0.0149628,0,0.000454542,0,0,0.007909475,0,0,0.00921115,0,0,0.00313164,0,0,0.00100051,0.000626615,0.00189937,0,0,0,0.00027242,0.00243609,0.004891215,0.005358643,0.001841415,0,0,0,0.00135939,0.000727045,0.000904275,0,0.000347756
cAI,0,0,0,0.000156,0.00080949,0,0,0,0,0,0.000147612,0.000585255,0,0.00328702,0,0,0.00015761,0.00241673,0.000978594,0.000501194,0.00083833,0.000112705,0.00366466,0.001520124,0.001243935,0.001519183,0.000625365,0,0.0441348,0.000334028,0.003298695,0.012446825,0.002763335,0.000537795,0.000162905,0.001771342,0.00080536,0.000308,0.00638774,0.004302775,0.001582903,0,0.009715145
cCLA,0.0066094,0,0,0,0,0,0,0,0,0,0.002234015,0,0,0.001467955,0,0,0,0,0,0,0.0010997,0,0,0,0,0,0,0,0,0,0,0,0,0,0,0,0,0,0.0016697,0,0,0,0
cEPd,0,0,0,0,0,0,0,0,0.0024924,0,0.000481431,0,0,0.001664505,0,0,0,0,0,0,0,0,0,0,0.00056403,0,0,0,0,0,0,0,0,0.001286415,0,0,0,0,0,0.0090317,0,0.00056455,0
cPIR,0.000724542,0.000633721,0.000415347,0.000180717,3.84203E-05,0.000135379,0.000876538,0.001378742,0.00011601,0.00043419,0.005175328,0.000495765,0.001199727,0.000770383,0.00010006,0.001252658,0.0006409,0.003992297,0.001256393,0.001465379,0.000210704,7.36945E-05,0.001225769,0.000615286,0.000830939,0.002990327,0.001454227,0.002671858,0.000360619,0.00116109,0.003920728,0.005859228,0.002400072,0.000843093,0.001226172,0.002634302,0.000761434,0.001571878,0.001179957,0.014936532,0.002969025,0.001478791,0.00215625
cCP,0.002356357,0.001789571,0.002181573,0.002289658,0.000695004,0.001445796,0.002107082,0.001545313,0.000493572,0.000153296,0.000828219,0.000424815,0.000540129,0.001870245,0.001668188,0.002171936,0.001602221,0.000186487,0.001003622,0.002204239,0.002067695,0.002225942,0.000304408,0.001805308,0.000420006,0.003279173,0.000268105,0.001003083,0.000296571,0.000599639,0.000457072,0.001087887,0.000946473,0.00215309,0.009720642,0.000213092,0.000656006,0.001029088,0.000461788,0.000934302,0.001978951,0.000360162,0.000710556
cLS,0.000379692,0.001330583,0.000277806,0.003862,0.00026634,0.000220717,0,0.004372985,0.013450635,0.001265175,0.006328545,0.001511485,0.004212445,0.003335765,0,0.00299245,0.002499215,0.0038754,0.00140275,0.005820225,0.001682155,0.00202612,0.05685,0.01243782,0.0400382,0.00988732,0.0261305,0.03782865,0.01927845,0.02241329,0.019384,0.1088433,0.0438895,0.04082305,0.05122165,0.1257565,0.0931947,0.088353,0.0396187,0.1147945,0.06476695,0.05428565,0.1125794
cMS,0,0.00388581,0,0,0,0,0,0.021704405,0.01356262,0.00733552,0.0349498,0.012290705,0.0164111,0.007494045,0.02694738,0.010917355,0.012939175,0.0141247,0.005731515,0.0650935,0.00738571,0.029935065,0.383871,0.1539065,0.347216,0.17469445,0.144103,0.270887,1.85996,0.1291099,0.4364785,0.2877625,0.218543,0.347702,0.3313425,0.6016535,0.5080905,0.721916,0.374524,0.5353235,0.577639,0.35255,0.526813
cACB,0.001321494,0.000176172,0.00642215,0.0005625,0,0.000626563,0.00067999,0.002199285,4.24387E-05,0.00070944,0.001346256,0.000311367,0.00166617,0.000726995,0.00005065,0,0.000216016,0.000332019,0.000475184,0.000148,0.000286298,0.001310795,6.65605E-05,0.004780586,0.000201063,0,0.000446806,0.00077412,5.71465E-05,0.002033455,0.000664332,0.001362189,0.000166507,0.002060575,0.003633349,0.002802538,0.002838744,0.001192535,0.00121324,0.000366733,0.001403106,0.000717031,0.001451195
cSI,0.000175458,0.000175457,0,0.0001755,0,0,0,0.018619,0.001190755,0,0,0.000161966,0.000603715,0.000154169,0.001848725,0,0.001384025,0,0.000686955,0.00298662,0.001985835,0.00398605,0.004766565,0.0021622,0.007962255,0.000989146,0.020574685,0.02957004,0.001652508,0.00138383,0.00343364,0.01525,0.009380655,0.004534286,0.006234205,0.03601525,0.0242935,0.0409409,0.01530075,0.01290843,0.03052205,0.0487384,0.0292247
cOT,0.000120376,0,0.000623041,0,0.000237011,0.000890893,0,0,0.000346833,0.000097506,0.002312465,0.002641085,0.004865509,0.012049772,0.000333664,0,0.000265266,0.0005335,0.001078015,0.01467635,0.01018341,0,0.000812559,0.003027975,0.000811485,0.0012984,0.00301563,0.00222666,0.003200165,0.000726975,0.00170437,0.008217925,0.000681976,0.000182474,0.001601812,0.008366495,0.001656965,0.000882356,0.002663235,0.001536235,0.008848875,0.00201816,0.002711235
iRSP,0.003528759,0.001630824,0.002520552,0.002035981,0.009027899,0.012106375,0.002613026,0.01720401,0.006122757,0.007326208,0.075809551,0.015737769,0.087215703,0.042810623,0.003608735,0.780981508,0.02149761,0.011762513,0.115653691,0.067319727,0.006646774,0.019669433,0.11482205,0.069702688,1.809606713,1.265557294,1.012625238,1.005921188,0.157892388,0.80467975,0.523341563,0.026363086,0.475756021,1.081247375,0.261686375,0.190937125,0.171617875,0.380323563,0.88671475,0.330859688,1.513288,0.1631588,0.725176713
iSSp-bfd,0.000445035,0.001182945,9.48495E-05,0.000314208,0.001558007,0.00142082,0.003988405,0.000486744,0.000071952,0.00092574,0.00626962,0.001449327,0.002143625,0.0053167,0.0121346,0.00368748,0.002320781,0.004921585,0.004099975,0.001241782,0.00699732,0.008170485,0.1520388,0.008582,0.0142465,0.02472161,0.000332961,0.1328385,0.016307865,0.0189433,0.0720036,0.00752468,0.001065735,0.13069035,0.10306095,0.0721896,0.0127531,0.011828075,0.1388395,0.0756248,0.08442905,0.009111065,0.005661545
iVISC,0,0.000189,0,0.00038265,0,0.003633455,0.000694329,0.000238668,0.000226995,0.000108512,0,0.000110871,0.00589665,0.000484377,0,0.001043721,0.001209985,0.000836995,0.000480401,0,0.001945205,0.000160465,0.01033105,0.01579475,0.0334883,0.00714965,0.00051703,0.04276785,0.018195245,0.008462014,0.021659665,0.0083188,0.00270828,0.0622508,0.01990735,0.0477034,0.0608886,0.05282855,0.0199474,0.009764685,0.0546663,0.0195926,0.00880056
iAIp,0,0.000222557,0.002873715,0,0,0,0,0,0,0,0,0.000483758,0.004194985,0,0.00109866,0.001147085,0.00596796,0.071789,0.00102248,0,0.000868708,0.000670883,0.01754015,0.00216748,0.005270245,0.004954905,0.01076572,0.02299305,0.01224931,0.00235242,0.011681855,0.02159515,0.021948365,0.02339585,0.01448275,0.022337,0.0341603,0.0243409,0.04499795,0.01750665,0.09303625,0.05143305,0.012765355
iEP,0,0.00254,0,0,0,0.000282319,0,0,0,0.004112795,0,0,0.005087735,0,0,0.000632735,0.000633125,0,0.00536635,0.000316476,0,0,0.000680188,0.000316492,0.001970675,0.000316366,0,0.002217054,0.013833704,0.000328634,0.00066607,0.0161423,0.00411672,0.00285103,0.00210141,0.001584419,0.004581975,0.006221205,0.0144861,0.01345427,0.0386643,0.00861811,0.005245555
iCA1,0.001977485,0.000490108,0.001532155,0.000281712,0.001535195,0.004293265,0.001115838,0.037423839,0.006308038,0.057738892,0.554946428,0.286549243,0.180377405,0.031317105,0.019462759,0.099765407,0.212026378,0.047455343,0.04512431,0.290902585,0.035250133,0.071897217,0.2932591,0.260375167,0.25311705,0.197816583,0.234218,0.22617145,0.161925383,0.141962367,0.2621323,0.3698975,0.225383367,0.4657265,0.518251833,0.465426333,0.475681667,0.389618833,0.257432,0.524597,0.722252667,0.606771333,0.642681833
iCA2,0.0085381,0,0.010000975,0.015569998,0.01265,0.011687733,0.017199385,1.43750622,0.0260722,0.171510455,0.339714805,0.655706178,0.439266,0.0634289,0.004171395,0.1203855,0.886285325,0.1854555,0.023450405,0.14753895,0.01622775,0.028319565,1.05804855,0.15477375,0.190652425,0.37784015,0.10623405,0.741048025,0.137405725,0.227286588,0.39409107,0.28549125,0.2468505,0.53201365,0.76309935,0.80466075,0.617451,1.15927575,0.45695075,0.66391925,1.6527429,0.43065375,0.44009825
iCA3,0.042617943,0.012969645,0.018395633,0.028161522,0.035871517,0.030595017,0.029047267,1.702775,0.50168115,0.611504167,2.888761333,1.364801667,3.201996333,0.44781155,0.480450033,0.132330333,0.845361033,0.831072517,0.114819173,0.6120887,0.52339205,0.8822164,2.737977333,6.01376,4.573867333,2.565772667,2.2833505,1.9656425,2.396299833,3.527325,4.83966,3.567505,2.09412,4.526355,2.94524,4.628836667,4.941116667,3.355106667,3.731598333,5.067865,5.561645,3.539698333,5.636271667
iDG,0.021288134,0.005082946,0.013433295,0.004069125,0.004049463,0.040448483,0.014609943,5.386651667,3.861356367,3.993904333,13.28426633,6.711761743,7.13332905,0.7572002,0.363558667,4.048997,7.885757117,2.7365897,0.424314452,11.190718,0.3054615,1.314497333,2.069732667,5.343179167,3.111924167,1.037077833,2.172488333,1.925965,1.255038,3.973881167,2.425045167,5.024685,4.520387,4.103864167,2.707745,4.883123333,5.921445,2.545918333,3.551578833,3.993188333,4.89704,3.263611833,3.910343333
iLD,0.00224769,0.000835,0.0230856,0.00070008,0.003541405,0.002794585,0,0.0003875,0.006787496,0.001644165,0.000259707,0,0.000248841,0.001544096,0.000242256,0.003259936,0.000344874,0.00053668,0,0.000578283,0.000548465,0.001097605,0.01074841,0.00195429,0.015072,0.0050923,0.012707165,0.1600075,0.007592585,0.005248715,0.005152896,0.00287943,0.00082189,0.01725936,0.00241434,0.06909165,0.004026365,0.0075024,0.243123,0.0212893,0.0189994,0.03882315,0.05868395
iMD,0.001924915,0.00171399,0.000073,0.0004394,0.00109,0.000258655,0.00296331,0,0.00801712,7.76485E-05,0.002145795,0.000673435,0.002143091,0.000740245,0,0.001188045,8.28985E-05,0,0.000295382,0.004250175,0,0.001055934,0.001055846,0.00253019,0.000527412,0.002129571,0.000161227,0.1337945,0.000203489,0,0.000498261,0.00157942,0.000808435,0.0026276,0.00262889,0.003182775,0.005135055,0.001160975,0.001842799,0.004923147,0.022050545,0.002330505,0.00488662
iVAL,0.00653405,0.004483118,0.002527505,0.00145136,0.00612639,0.00242031,0.000959756,0.000322156,0.000533711,0.000459902,0.000997774,0,0.000640159,0.00216668,0.000845901,0.000722798,0.000125809,0.007916865,0.000682107,0.000417744,0.001858075,0.000807542,0.005242745,0.000914852,0.002877645,0.004990875,0.000337383,0.004645595,0.00210105,0.00996092,0.00923902,0.00213516,0.00408105,0.001542575,0.00277402,0.01158598,0.01605724,0.001500775,0.00992127,0.0040759,0.00652897,0.006889035,0.008287085
iSMT,0.00909596,0.00259818,0.000866504,0.000974427,0.000878035,0,0,0.001407732,0.001191245,0.000217056,0,0.00338143,0.000324888,0.000433238,0,0.007721164,0.011367465,0.0043369,0,0.001493255,0.00083458,0.000193769,0.00585911,0.00584575,0.059536355,0.0350098,0,0.07004755,0.003472545,0.02403685,0.009240863,0.007597233,0.005600135,0.005889645,0.00393929,0.00939593,0.01094568,0.00054012,0.03643525,0.0493484,0.046521205,0.04633056,0.114691
iHY,0.003241477,0.0000675,0,0.001713745,0.000213029,0.000070014,0.000350282,0.00130126,0.0054693,0.004450975,0,0.000290529,0.00691441,0.00351532,0.00077463,0.0070184,0.006268605,0.00552631,0.000233929,0.003360585,0.000517945,0.001818905,0.04669725,0.0621253,0.0681458,0.03837265,0.0202619,0.05496975,0.0273645,0.0706446,0.02727125,0.0259922,0.07678095,0.07576305,0.0462162,0.1447145,0.0769503,0.04953055,0.0626088,0.0883637,0.133922,0.07469685,0.147928
iGP,0.02131955,0.01033115,0.000729105,0.00109385,0.006745515,0.002798285,0.00423052,0,0.000129251,0.000333508,0,0.001933865,0.0014905,0.00158847,0.001676313,0.00288279,0.001562831,0,0.000387615,0.001256045,0.002514914,0.002015959,0.00501773,0.008488087,0,0.00330613,0.00051599,0.002192062,0.00365301,0,0.0072789,0.000374236,0,0.0171075,0.0165062,0.00231875,0.001121502,0,0.00109985,0.0305758,0.0043972,0.004786825,0.00193092
iCEA,0.000798492,0,0,0,0,0.00120044,0,0,0.002793985,0,0,0.000445816,0.000199588,0.000598755,0,0.000399665,0.001795305,0,0.002196685,0.00423527,0,0,0.04205613,0.000180236,0.069478085,0.05610225,0.000927066,0.000370788,0.03223505,0.000181481,0.005226554,0.005874545,0.00405749,0,0.00333652,0.00118613,0.000169491,0.00178426,0,0,0.000251158,0,0.0032974
iBLAa,0.00078105,0,0,0,0,0,0,0,0,0,0,0,0.005466015,0.000624926,0.000312483,0,0.00281178,0,0,0,0.000172633,0.001035265,0.00090156,0,0.00071492,0.024382334,0.000357522,0.000536149,0.00172179,0.000361579,0.00270001,0.0046465,0.001429345,0.00178676,0.002151925,0.004841385,0.00250042,0.0037046,0.000831404,0.000357151,0.00234911,0.00267836,0.0086808
iMEA,0.000458112,0.00086733,0,0,0.000618385,0.000186101,0.000908485,0,0.001640055,0.000430284,0,0,0.017995105,0.00425971,0.000853323,0.001726595,0.00525272,0.000361783,0,0.000756565,0,0,0.03135965,0.012360875,0.006247435,0.01586526,0.003769615,0.009915245,0.15421435,0.0084089,0.00213364,0.0182489,0.02323245,0.0205589,0.0229043,0.04559355,0.0085213,0.00825253,0.039556155,0.02563313,0.041969235,0.01476298,0.01606585
iBMA,0,0.002025,0,0.00236282,0,0,0,0,0,0,0,0.001482075,0.000675095,0,0.00108868,0,0.00134902,0,0,0,0,0.000217816,0.00240199,0.00134687,0.001107345,0.00423542,0.001004672,0.00180498,0.001482845,0.02709195,0,0.008712785,0.00922527,0.00886172,0.00504576,0.0124075,0.00443129,0.000644432,0.000930237,0.03810103,0.010532405,0.010190015,0.00195033
iCOAa,0,0,0,0,0,0.000882755,0,0,0,0.000501265,0,0.0261818,0.0087884,0.0005018,0.0006785,0,0.00153878,0.00417168,0,0.02179065,0.000338311,0,0.011534185,0.021739265,0.00143606,0,0.00381438,0.00192478,0.0168645,0.004841945,0.008743055,0.0446746,0.152078,0.00540619,0.010525875,0.08229615,0.010843045,0.009697955,0.02692605,0.1045405,0.4987425,0.02338375,0.1352355
cRSP,0.000988535,0.001803796,0.000507442,0.000710696,0.00039633,0.000478321,0.000550261,0.000850723,0.002311,0.001327279,0.002038846,0.003589291,0.000969915,0.005038684,0.004181534,0.013443457,0.001789736,0.003204261,0.009521436,0.003174291,0.001994436,0.001187927,0.026242292,0.007464905,0.019953683,0.060463184,0.069959148,0.056362291,0.011951964,0.021363108,0.020695333,0.016169256,0.02239446,0.088529296,0.044208425,0.032423483,0.013671549,0.015497636,0.039621999,0.052812583,0.101575441,0.008258609,0.081598716
cSSp-bfd,0.000516478,0.00063,0.002060852,0.000316891,0,0.000553821,0.000217693,0.000592666,0.000419811,0.003659495,0.000632123,0.003625058,0.000799188,0.008189335,0.00071168,0.00059694,0.00086158,0.00557828,0.00320743,0.003266421,0.00299379,0.002711078,0.00817594,0.00122705,0.007742925,0.0243446,0.000382707,0.00380692,7.33195E-05,0.00483988,0.014104925,0.001469381,0.00074683,0.0387586,0.0231244,0.01658175,0.01523725,0.002029745,0.005107947,0.0278242,0.02636335,0.0187972,0.00517915
cVISC,0,0.00046159,0,0.000167581,0,0,0.000351987,0,0.001367915,0.000131289,0.000300891,0,0,0.00176898,0.0001346,0.000811746,0.00540914,0.00941835,0.002312065,0.00105853,0.00011229,0.000114685,0.004016685,0,0.001792125,0.00130934,0.000268948,0.00436014,0.037856239,0.000872219,0.013574965,0.000329167,0.01494801,0.0980141,0.009785175,0.011161415,0.001335428,0.000897925,0.05404288,0.01868071,0.01002006,0.00716614,0.00407787
cAIp,0,0,0,0,0,0,0,0,0,0.000746996,0.000292029,0,0,0.000979685,0,0,0.00260676,0.00743015,0,0.000967621,0,0,0.003585763,0.001061628,0.00061633,0.0268345,0.000483258,0.00300681,0.00331172,0.002243025,0.0388307,0.00173703,0.00291593,0.00580106,0.003962553,0.001226485,0.001691197,0.00175853,0.000925084,0.001692665,0.003897245,0.006194609,0.002175
cEP,0,0.00060625,0,0,0,0,0,0,0,0,0,0,0,0.00335297,0.000372745,0.00242564,0.0025012,0.000303086,0,0.00164158,0.00074561,0.000373076,0,0,0,0.001865287,0,0.00526555,0,0.00149255,0.000375655,0,0,0.000327206,0,0.000327206,0.0002325,0,0.000465106,0.000930396,0.001120785,0,0.000373
cCA1,0.000877214,0.000223988,0.000653428,0.000330587,0.00087765,0.002596393,0.001353767,0.001456038,0.00089984,0.001199861,0.001059895,0.00225311,0.003661187,0.001542399,0.005296495,0.001964305,0.001713144,0.001171054,0.007976917,0.007905627,0.00161479,0.002733279,0.056595047,0.033356023,0.005984567,0.009354639,0.037624893,0.050996636,0.00623502,0.074007805,0.063356594,0.05238898,0.055034218,0.119856283,0.153995933,0.10226455,0.122459433,0.1346364,0.022827917,0.164626833,0.373668517,0.23909925,0.24887255
cCA2,0.00099701,0.001537515,0,0.002172453,0,0.003622725,0.000256345,0,0,0.002142108,0,0,0,0.00026182,0,0.00135781,0.002353163,0,0.004547875,0,0.000426193,0.00034,0.011039788,0.010643575,0.009039545,0.001899695,0.01797357,0.02387969,0.007201165,0.023506998,0.016357048,0.04309494,0.079761583,0.152531275,0.106390625,0.10101085,0.13079505,0.168033175,0.0247317,0.10239815,0.551531465,0.140017175,0.251173625
cCA3,0.00010463,0.000224826,0.00006166,0.0014635,0.002087277,1.89717E-05,0.001074373,0.020673734,0.092364965,0.04281125,0.046637475,0.00655661,0.010026735,0.01737741,0.034430867,0.009729056,0.014810434,0.023751104,0.011890623,0.056961187,0.111074522,0.040065428,0.0874284,0.5580732,0.361658483,0.244374287,0.344866717,0.203916683,0.017674074,0.10299985,0.081652667,0.75735965,0.36607395,1.346854667,0.5740435,1.303586,1.456769833,1.4958445,0.925084333,0.905560333,1.802123667,1.577780833,1.942577
cDG,0.000630346,0.001619387,0.000689088,0.000223503,0,0.000923923,0,0.005891103,0.001332534,0.004523305,0.007700959,0.125297146,0.002778153,0.001680699,0.005065494,0.000824612,0.002109081,0.004754247,0.0017653,0.002296028,0.025920938,0.020623135,0.050895993,0.10372675,0.0806087,0.022784113,0.038926117,0.049174083,0.006943842,0.050624483,0.033687617,0.149639317,0.096883867,0.202097033,0.14065635,0.3690522,0.374058833,0.268247567,0.190134233,0.18268275,0.393469167,0.2591014,0.473207667
cLD,0.00065692,0.000515,0,0.000502755,0.001565,0,0,0,0.000655625,0.000826915,0,0.000630775,0.00236313,0.000406657,0,0.000246274,0.00191229,0.000117895,0.000937085,0.001376505,0.000419098,0.000877108,0,0,0,0.000567405,0.00206664,0.000150776,0,0,0,0.0008313,0.0005348,0.001710242,0.000675,0.000168852,0,0,0.000394826,0.000647062,0.003871296,0,0
cMD,0.001121078,0.000763984,0,6.99555E-05,0,0.000625135,0,0.000529975,0,0,0.000911895,0.00069812,0.000351751,0.001407539,0.000226354,0,0.00102432,0.001011695,0.000179414,0.00116746,0.000319226,0.000145604,0.000101629,0,0.000094226,0.001684317,0.0007479,0.000257134,0,0.001014752,0.000869655,0.000324005,0.001079295,0.000618365,0.00031,0.000075725,0.000551029,0.02872694,0.000527375,0.001662895,0.000924651,0.00081281,0.01674435
cVAL,0.00684802,0.00340606,0.000915981,0.000869087,0.00197317,0.002325215,0.000594221,0.000885405,0.001011901,0.00122219,4.21592E-05,0.001000228,0.000577266,0.000807475,0.000592874,0.000058898,0.002085882,4.11256E-05,0.000210344,0.001197492,0.0037096,0.004500945,5.23285E-05,0.0014273,0.000269213,0.000165783,0.000492268,0.000859321,5.58265E-05,0.002983275,0.005080805,0.00166686,0.000729682,0.000990261,0.000528916,0.0010485,0.00292193,0.000659935,0.000490364,4.69545E-05,0.000624671,0.001359266,0.0010897
cSMT,0.000689505,0.00127899,0,0.001087255,0.000107219,0.000558345,0.000098771,0.000492091,0,0.0018942,0,0,0.004922375,0.001279538,0,0.000385782,0.002224785,0.000297895,0.000203691,0.007248,0.00210896,0.000495679,0.000365162,0.000918017,0.000393426,0.004897065,0.001191385,0.00228999,0.008137741,0.00365215,0.000784161,0.000104441,0.002480405,0.002287243,0.001147815,0.00130729,0.011324615,0.000218,0.002504905,0.000762623,0.000656265,0.005883155,0.01691125
cHY,0.001613434,0.00081,0.000243553,0,0.000925,0.000785315,0.000547421,0.000674555,0,0.000723177,0,0.000059213,0.00347383,0.000447574,0.000725595,0.00069038,0.000711267,0.00108751,0.000253986,0.001364615,0.000420851,0.000670455,0.0126862,0.00992122,0.006905835,0.004251875,0.0115871,0.0173762,0.01259479,0.01013388,0.00237034,0.012165,0.015425075,0.006903642,0.00726996,0.0265732,0.01173163,0.00763572,0.01631531,0.0127351,0.04637885,0.01540705,0.021057
cGP,0.004587442,0.00191547,0,0.009016654,0.000715387,0.001483835,0.000357657,0,0,0,0,0,0.00391396,0.001037885,0.000474496,0.00068033,0.001836265,0.00136748,0.001108465,0.000169731,0.00771125,0.005099495,0.000751355,0,0.00107464,0.003677462,0.00362832,0.000191036,0.000187727,0,0.003296825,0.002293535,0,0,0.00442926,0.003317655,0.002432885,0,0.000968915,0.002933092,0.0009216,0.001568551,0
cCEA,0.001498646,0.00015,0.00089942,0.000449697,0.00105,0,0.000449615,0,0.000299755,0.000299771,0.00042606,0,0,0.00074901,0.000142812,0,0.000669905,0,0.002547354,0.001223065,0,0.000188624,0.00060822,0,0.000736307,0,0.004728947,0.00035506,0,0,0.0013003,0.00131068,0,0.00253259,0.00196127,0.000389621,0.001364777,0.00222605,0.000178588,0.000178609,0,0,0
cBLAa,0,0,0,0.000210613,0,0,0,0,0,0,0,0,0.00059694,0.00079559,0,0,0.00443046,0.005969,0.005769509,0.00737455,0,0,0.000310034,0,0.00244461,0.001437295,0.000285845,0.00114448,0.000286079,0,0,0,0.001394465,0.00022372,0.001128922,0.000223674,0,0.000423575,0.000690254,0,0,0.0009054,0.0002895
cMEA,0,0.000174,0.000167884,0,0,0.00062659,0.000831001,0.000523245,0,0,0,0.005193,0.00142164,0,0.00010516,0,0.002228825,0.00238152,0.000283608,0.00123648,0.00927425,0,0.00114764,0.00762693,0.000476968,0.005150967,0,0.004793025,0,0.000171982,0,0.001289562,0.00752158,0.000692045,0.000406755,0.001898795,0.000542099,0.00197536,0.000135589,0.007864455,0.00638529,0.01234165,0.000192075
cBMA,0,0,0,0,0.002055,0,0,0.00114114,0,0,0,0,0.000228177,0,0.01044575,0,0.00328404,0,0,0.00206042,0,0,0.01755678,0,0,0.00590184,0.001348331,0,0,0.00100277,0.001838226,0.01014695,0.001026345,0.000231102,0,0.003003971,0,0,0.00046212,0,0.002238705,0.0033482,0.00056
cCOAa,0.000158169,0,0,0.000744895,0,0,0,0,0,0.00024123,0,0.00020155,0.00087071,0.00174925,0.000782885,0,0.002749275,0.000310059,0.00348394,0.002553165,0,0,0.002640425,0,0.000492432,0.00216835,0,0.00364842,0,0.00069375,0.00212421,0.00074705,0.00738462,0.000143621,0.001542672,0.00121815,0.00179454,0.0003855,0.00381681,0.002245178,0.0032181,0.002691295,0
iVISa,0.00097905,0.000811984,0,0.000757667,0.00016525,0.002730685,0.000273419,0.000425069,0.002615637,0.00060477,0,0.02819405,0.016230905,0.0150168,0.006821105,0.0151432,0.004372905,0.009376225,0.02520145,0.004266455,0.000471072,0.01468646,0.287396,0.03125,0.04270795,0.2205065,0.008590486,0.02516945,0.3502975,0.1251205,0.5375165,0.009764845,0.004708325,0.02662165,0.0801768,0.05513435,0.05607165,0.02855545,0.3096205,0.194354,0.3789625,0.01517197,0.02516235
iAUD,0.001476481,0.00033345,0,0,0.00005725,0.000332924,0,0.000590513,0.000403383,0.000255041,,0.007294573,0.005385178,0.008901978,5.80985E-05,0.223814125,0.007958303,0.000125905,0.2151896,0.006011181,0.00099719,0.000540459,0.320037675,0.08400205,0.090252325,1.8635065,0.010895593,0.06276865,0.72389675,0.1372645,1.1663795,0.010313313,0.0193322,0.113900425,0.22516475,0.1600956,0.1351528,0.040047825,0.19678075,0.2260645,1.3284445,0.0361478,0.029687075
iTEa,0,0,0,0,0,0.0005575,0.000277383,0,0.0019651,0.00658485,,0.016482183,0.043234158,0.010736773,0,0.166015903,0.004503718,0.0109262,0.15844165,0.01622795,0.000672738,0,0.168153,0.064214025,0.024640565,1.33704225,0.0156969,0.135866375,0.75049625,0.0830294,1.0956015,0.03571924,0.047745108,0.065935275,0.2574326,0.17864195,0.1384412,0.022298325,0.14796525,0.18922835,0.8702365,0.056506625,0.122118975
iECT,0,0,0,0,0,0,0,0.000220358,0.0032217,0.00271489,,0.0337487,0.066280818,0.00179383,0,0.108262323,0.00347564,0.001150723,0.068689748,0.00021823,0,0.00039969,0.295349975,0.117083,0.08444214,0.296359425,0.022012515,0.061740825,0.4043669,0.229311825,0.64746275,0.098104353,0.13563635,0.17478015,0.20319465,0.704858125,0.478037,0.133738625,0.3831665,0.20331575,0.688368,0.1057215,0.1848648
iPERI,0.000214585,0,0,0.000906743,0,0.00321905,0,0.040604408,0.001157943,0.003296295,,0.07330775,0.133738775,0.000519978,0.029432588,0.10958115,0.009691215,0.00885719,0.050238223,0.006134883,0.479360703,0.169493398,4.01657925,2.9814575,5.44971675,4.57897175,0.445260225,0.4455235,5.78551975,3.7151035,2.5718345,4.70341,6.54553,3.009562,4.6057,7.9989225,8.9414725,0.98647025,4.7047375,3.38643,1.31087,2.53307275,2.07034825
iENTl,0.000411866,0.002363408,0.00065243,0.001514557,0.000119492,0.000323209,0.000119746,0.039342272,0.070956787,0.004250324,4.6358465,0.243151983,0.967075,0.033659745,0.079985983,0.065389717,0.256725872,0.047896733,0.044466025,0.7517936,0.214998417,0.3072725,1.9116635,5.432076667,7.494968333,3.253643333,4.456353333,1.890786667,6.064525,8.399303333,6.139796667,3.6855,3.297508333,6.426453333,4.236548333,7.050101667,4.619731667,3.724168333,3.046656667,5.256833333,3.003119667,3.425185,3.359663333
iBLAp,0.000284284,0.0121196,0.000178679,0.000104615,0,0.012017575,0,0.001669833,0.000675484,0.00441005,0,0.0198709,0.0126326,0.001930405,0,0.00053717,0.016634377,0.009149815,0.000260058,0.00139334,0.000374576,0,0.00261458,0.085055,0.026164135,0.00178874,0.006999551,0.033875795,0.008004255,0.01251028,0.015091195,0.09023565,0.0258594,0.00971752,0.0119814,0.08079495,0.0525494,0.0185318,0.008225,0.080114,0.07647405,0.04571365,0.149923
iTR,0,0,0,0,0,0,0,0,0.0056577,0.0063747,0,0.007588515,0.03698505,0.01198445,0,0,0.006629685,0.00125723,0.00384993,0.000632225,0,0.00109181,0.1050236,0.4163925,0.013003435,0.02229245,0.0284151,0.00784296,0.2547565,0.05272395,0.2907105,0.05631495,0.02525825,0.0199904,0.01721095,0.1435625,0.0179833,0.01802174,0.06055,0.09729855,0.07429735,0.06900375,0.06900635
iCOAp,0.00016934,0.000270794,0,0,0,0.000663473,0,0,0.0075891,0.001345562,0,0.002698675,0.009993645,0.002509625,0,0,0.00756342,0.0031795,0.003408845,0.04483685,0.001058995,0,0.00312394,0.26189,0.043670925,0.005250845,0.004660335,0.00272417,0.04143705,0.003265295,0.11671705,0.0172033,0.0252294,0.00100639,0.001484,0.080306,0.01860705,0.05761475,0.0645,0.02104845,0.03421195,0.0477806,0.2484855
iSUB,0.002375943,0.0089593,0.0060182,0.014202507,0.063132325,0.0686856,0.01807453,0.092700475,0.072823728,0.055931325,0.008138253,0.028207603,0.250447975,0.21759425,0.015999108,1.194082675,0.0587065,0.17119825,0.29020355,0.427491675,0.103863333,0.13570075,0.12774175,0.213367925,0.50386825,1.310483,0.5966,0.53375225,0.32803925,1.4997065,1.22590865,0.2042555,0.2798815,1.4485855,0.65900925,0.58689,0.6305445,1.0763135,1.83225225,0.67325525,1.11921575,0.63833725,0.9004325
iPT,0,0,0,0.003409065,0,0,0.00357,0,0.00353702,0,0,0.002032345,0.000466423,0.0063282,0,0.01257209,0,0,0,0.02151335,0.000206666,0,0.0363874,0.0001645,0.000331081,0.01114213,0,0.000122943,0.00083354,0.006462075,0.604969,0,0.00126895,0.000668782,0.001074391,0.028575365,0.0804624,0,0,0.000795,0.001737965,0,0.001447159
iPAG,0.002653122,0.0026086,0.000764893,0.000428954,0.000586667,0.002407387,0.001976605,0.001373389,0,0.000104948,0.000868706,0.003177644,0.001133795,0.001850602,0.005308765,0.003188364,0.001698814,0.000237745,0.0014629,0.003806477,0.00261761,0.000333489,0.053399483,0.001450083,0.037826816,0.130269233,0.050659496,0.017927497,0.003412325,0.005463276,0.04768154,0.009026183,0.008715893,0.044809842,0.020922797,0.05388725,0.02016512,0.011250157,0.0711846,0.017640087,0.06997869,0.019800458,0.025491367
iDpM,0.002322719,0.003821535,0.001426065,0.000526525,0.000269957,0.004228645,0.002181005,0.000972265,0.000202714,0.002144777,0.000927242,0.000530115,0.005411765,0.005861722,0,6.08255E-05,0.001856195,0.000531187,0.006557705,0.04114775,0.000860435,0.00076484,0.254873,0.0028505,0.000235227,0.008926205,0.00576582,0.00514919,0.01160866,0.00402956,0.579653,0.000758941,0.001581112,0.0016049,0.0038501,0.05763125,0.023502,0.00382884,0.0092,0.00654865,0.00163556,0.000976803,0.00411887
iTHp,0.000811951,0.002886545,0.00220398,0.000353906,0.0004491,0.005928267,0.00040813,0.002897946,0.005871363,0.000236648,0.002236013,0.003191421,0.001805323,0.00593372,0.0077981,0.016638928,0.02185444,0.012308825,0.0481529,0.001168818,0.00040658,0.000105509,0.52486625,0.0410124,0.002850151,1.55491575,0.00159194,0.020305337,0.041473475,0.006284128,0.37429625,0.037546958,0.025969188,0.002413338,0.033128075,0.083620525,0.06231045,0.013998728,0.014377875,0.033298541,0.10213198,0.058561436,0.0472208
iZI,0.00063093,0.00180491,0.000413456,0.000302664,0.00428653,0.008094955,0.00135235,0,0.01749685,0.00937943,0,0.135437285,0.00829485,0.014414085,0.00379512,0,0.0782056,0.000547515,0.009053595,0,0.000345035,0.1324825,0.3529215,0.00221,0.000634655,5.88221,0,0.00335177,0.00043672,0.0358405,0.0888333,0.005863595,0.005854135,0.00130833,0.049619555,0.0095698,0.099312975,0.00536877,0.01397,0.00782645,0.01872925,0.022736615,0.086343295
iVTA,0.002654083,0.00124449,0.000418239,0.002278966,0.000581952,0.002201489,0.001650913,0.042603705,0.004038236,0.005616511,0.004100187,0.00555104,0.000942815,0.007110405,0.002203688,0.000111588,0.020181048,0.000706925,0.002752058,0.013961725,0.00983923,0.000896517,0.1176297,0.027221508,0.022941475,0.016802493,0.020731675,0.036155225,0.046818133,0.043564725,0.04544415,0.01999628,0.035405368,0.059032325,0.14300365,0.12684135,0.11233875,0.1267044,0.121267375,0.071303725,0.08036005,0.03589875,0.3088814
iSN,0.00114135,0.000926221,0.00350521,0.001317604,0.000506238,0.00157784,0.005383786,0,0,0.001175835,0.01139258,0.000916192,0.000902643,0.000401521,0.001179905,0.002739041,0.004694232,0.001201078,0.000965019,0.000355463,0.003030098,0.000596117,0.012181874,0.01010233,0.05064787,0.026478898,0.000983092,0.001141508,0.003515473,0.002950765,0.00459079,0.00756115,0.002365765,0.00561891,0.01160005,0.025112135,0.01506359,0.007354018,0.0139817,0.01615244,0.019869548,0.001906958,0.035366003
iSUM,0.00282251,0,0.0587899,0,0.0654402,0.006562055,0.0710428,1.2026565,0.627218,0.6659975,0.255918,5.46391,1.739462,2.05897,2.26048,0.1329235,1.7803025,0.6099045,0.3632695,2.55174,1.5265755,2.62524,4.688955,6.599445,5.107345,3.765345,4.927565,4.74186,3.1753,4.74391,5.24753,6.913655,4.89518,5.494325,7.36386,9.341805,8.80943,6.007215,8.4732,7.116895,4.39465,7.24854,9.646385
iMM,0.00155373,0.000418977,0,0,0.000985,0.000167061,0,0.00076835,0,0.00268028,0.0286481,0.141082775,0.00414308,0.002876585,0.000980295,0,0.00124226,0,0.00083498,0,0.003736255,0,0.0238557,0.02985,0.03984896,0.007452625,0.05166815,0.011681815,0.00441125,0.00173833,0.013165385,0.382947,0.019643995,0.24175315,0.01634455,0.10139985,0.1249618,0.06380435,0.111686,0.0323037,0.23799245,0.14124775,0.06566855
cVISa,0.000323714,0.000360777,0.000764285,0.000188543,0.0004945,0.000396372,0.00013,0.000132184,0.004641565,0.000254353,0.00099886,0.0069826,0.003450746,0.00598168,0.00411879,0.002495594,0.0014862,0.000956562,0.00229494,0.000122241,0,0.001276331,0.03672505,0.00841,0.0147689,0.04148025,0.001098409,0.003212455,0.01970981,0.024340985,0.06533535,0.005105745,0.000484042,0.0320359,0.0663038,0.0210885,0.0267775,0.00686918,0.0562,0.02307755,0.1507025,0.00269164,0.00933346
cAUD,0.000277513,0,0,0.000166294,0,0.001082609,0.000582964,0.001983832,0.000121613,0.000748345,0.003903062,0.003828135,0.002952149,0.003966183,0.002602185,0.016996416,0.001766644,0.000148596,0.010323643,0.009261353,0.000110703,0.002158852,0.091309775,0.012116708,0.036592055,0.14075075,0.000610561,0.017185843,0.0675646,0.06169615,0.1945019,0.017328635,0.003192045,0.10027405,0.14306075,0.05434605,0.05492655,0.0410796,0.12897125,0.143102,0.72891425,0.02834244,0.009519595
cTEa,0,0,0.00045765,0,0,0,0,0,0.00634349,0,0.002430055,0.0018875,0.0010939,0.001107698,0.048139,0.022172575,0,0,0.01542695,0.006685183,0,0,0.014735283,0.01341457,0.01626651,0.11806285,0.0009262,0.00516908,0.012557843,0.008757693,0.11844615,0.002239645,0.009672943,0.034134068,0.100947475,0.043858025,0.093302225,0.003841738,0.035696725,0.047052275,0.5380993,0.01453213,0.041053555
cECT,0.00201769,0,0,0,0,0,0,0.00026235,0,0,0,0.004642525,0.000288908,0,0,0.002409903,0.000663968,0,0.002295833,0.00436235,0,0.00026909,0.025531075,0.00654711,0.01641058,0.0634179,0.005912353,0.010819563,0.072824525,0.006028083,0.06944375,0.004616098,0.003445138,0.042964875,0.017802115,0.024720228,0.05857592,0.014715593,0.01576275,0.036461075,0.34671185,0.003350613,0.047563775
cPERI,0.000690575,0,0,0,0,0.001473345,0,0,0.00027399,0,0,0.0055975,0.000289078,0,0.01275185,0.000461203,0.006157045,0,0.0046593,0.00531091,0,0.001007104,0.04471718,0.055877475,0.008691725,0.007660843,0.009938058,0.018310615,0.0039507,0.00883972,0.03555916,0.252439725,0.03610595,0.13649714,0.011946525,0.059562975,0.0181924,0.01990696,0.058299025,0.04003555,0.10046975,0.11872142,0.256448575
cENTl,0.000215954,0.000182968,7.72952E-05,0.00016488,0.000379503,0.000464798,0.000613776,0.000486148,0.003178319,0.000881824,0.00158881,0.00155362,0.001343942,0.006439146,0.002478384,0.004738679,0.002267168,0.002933125,0.002204442,0.007144812,0.002913623,0.011641249,0.009985802,0.013895044,0.005939943,0.009789697,0.020338433,0.013707055,0.010478985,0.016483542,0.010406332,0.031325583,0.021749392,0.078020508,0.040622205,0.088404383,0.024981933,0.032353445,0.040523017,0.0738751,0.1116476,0.050366023,0.090643633
cBLAp,0.00056,0,0.003173955,0,0,0,0,0,0,0.000142444,0,0.01252965,0.000236598,0.000597245,0,0,0.00353318,0.000477432,0,0.00087836,0.000176224,0,0,0,0.000482728,0.000629145,0,0,0,0,0.001632595,0.00226197,0,0.000405765,0.000202575,0,0,0.01644635,0.000241,0.009091155,0.000418067,0,0.00137156
cTR,0,0,0,0,0,0,0,0,0,0,0,0,0.000736265,0.00148978,0,0.000817495,0,0.00119313,0,0.00070433,0,0.000595,0.0071803,0.0017,0.002630571,0.002191925,0.002264775,0,0,0,0.00260826,0.00560138,0.002897337,0.000623945,0.00113665,0.007863075,0.000292653,0.000649148,0.001155,0.0051205,0.000402979,0,0.002493445
cCOAp,0.0006285,0.001517335,0,0,0,0,0.000367882,0.000183259,0,0,0,0.010359555,0.00059365,0.001812145,0,0,0.00265167,0.003205685,0.000183199,0.000743946,0.0115675,0,0.000343089,0,0,0.015227775,0,0,0.000253854,0,0.01751885,0.003553015,0,0.00164512,0,0.000930284,0,0.000759861,0.002395,0.0002265,0.000110087,0.000614155,0.003086185
cSUB,0.001326769,0.001929805,0.00035186,0.000201573,0.0000555,0.000491483,0.000518893,0.000758112,0.001073873,0.000665623,3.78753E-05,0.00055475,0,0.000878274,0.000654861,6.72733E-05,0.001320967,4.96808E-05,0.003394785,0.000997133,0.002228723,0,0.011503203,0.011051224,0.000689935,0.012532908,0.009155748,0.002503782,0.017373863,0.0228795,0.012686888,0.044460068,0.00836734,0.042328475,0.0278346,0.031242412,0.025318778,0.007264078,0.01985418,0.006829075,0.02272425,0.009547175,0.023509663
cPT,0.000360725,0,0,0,0,0.000313931,0.000313844,0,0,0,0,0.0212018,0,0.00067762,0.000313392,0.00477011,0.00185511,0,0.003742465,0,0,0,0.01002093,0.000605,0,0.000337292,0.000737,0.001009301,0,0.00166108,0.009460737,0.000288302,0.00012009,0.00749841,0.002204625,0.00734374,0.001536675,0.000837625,0.0002845,0,0.001506995,0.000583997,0.002197115
cPAG,0.001481342,0.002586855,0.00150481,0.001018832,0.000310475,0.001899137,0.001739488,0.000129375,0.000860299,0.000509201,0.000507523,0.022339625,0.001071623,0.000643161,0.000272426,0.0004023,0.006314945,5.22575E-05,0.001129696,0.002708017,0.000438367,0.000396369,0.02031998,0.000588235,0.001410389,0.048518758,0.00143473,0.006049737,0.00308912,0.005056578,0.02147347,0.001193761,0.003861609,0.012599722,0.0350747,0.02469978,0.024594035,0.00636474,0.008175359,0.001480457,0.01012121,0.003131614,0.01927932
cDpM,0.001896966,0.001145534,0.000913755,0.0019021,0.00003385,0.002175675,0.001325535,4.61972E-05,0.000518057,0.000324526,0.000502545,0.003855955,0.000176868,0.00026478,0.000509113,0.001022522,0.000705951,0.00409181,0.000484188,0,0.000101505,0.000216087,0.00782455,0.000491,0.000250449,0.004958995,0.000298119,0.000979111,0.001174525,0.000367442,0.02118095,0.002423415,0.001645355,0.004586005,0.00148465,0.009372355,0.00528636,0.000176327,0.00364,0.00134833,0.000417081,0.000922544,0.00377562
cTHp,0.000597738,0.002518781,0.001297752,0.000649852,0,0.000374175,0.005085635,0.000650443,0.000894588,0.000466648,0.002297461,0.001374608,0.000547688,0.001042975,0.00011933,0.00082709,0.003159212,0.000438103,0.000699782,0.000323385,0.000230752,0.000491355,0.001053698,0.0003535,0.000593649,0.002937583,0.000157927,0.00186614,0.000136409,0,0.001279875,0.001535465,0.001042625,0.02157195,0.000622456,0.011208772,0.005329108,0.000797495,0.00061475,0.000521423,0.00080998,0.001072848,0.001852315
cZI,0,0.001534315,0,0,0,0.000475308,0,0,0,0.00215276,0.01196005,0,0,0,0,0,0,0,0.00072146,0,0,0.003899815,0.001959025,0,0,0.00473122,0,0.0072296,0,0.0013905,0.00417004,0.00055584,0.00055498,0.0157739,0.00092768,0.01252525,0.024596605,0.00307368,0,0,0.004174745,0,0
cVTA,0.001276763,0.001852088,0.000805369,0.001034879,0.000115119,0.001143,0.000950015,0.051677283,0.028984244,0.000423124,0.01388653,0.000604102,0.01534996,0.001072303,0.00188814,0.000177476,0.00767381,0.000892578,0.003255786,0.000205241,0.007896635,0.002990065,0.057994525,0.0096996,0.008067415,0.01508403,0.021507005,0.017767445,0.00555412,0.023144875,0.00331745,0.01989005,0.023426883,0.028309625,0.070483775,0.0712583,0.050024725,0.062838625,0.05493545,0.069422,0.0357161,0.04823885,0.08613995
cSN,0.00218292,0.001143186,0.000059,0.000142222,0.000480173,0.000732794,0.001818558,0.000982856,0.000720725,0.000293429,0.000942862,0.001815,0.000655093,0.00164852,0.000189378,0.001876213,0.003989469,0.000336915,0.001503067,0.001451353,0,0.001542625,0.001718853,0.000388345,0.000269465,0.000407786,0.004191903,0.006775815,0.000222495,0.0005446,0.004185906,0.002117081,0.003187433,0.003645349,0.001050501,0.00613309,0.008045079,0.001166744,0.003949765,0.0050174,0.006386888,0.000718673,0.001104059
cSUM,0,0.00021867,0.000381824,0,0.00356312,0.00176731,0.00123756,0.221186,0.287492,0.481782,0.06727125,0.5733435,0.805485,0.515724,0.439363,0.0169385,0.480665,0.635292,0.1158943,0.842612,0.478219,1.797615,1.36053,2.75288,1.6406,1.699,2.89211,3.22362,0.780849,1.575815,1.907895,4.01969,2.63731,2.61805,2.82532,2.74112,2.7406,3.10304,2.834625,3.3476,1.856675,3.372055,2.97113
cMM,0.01039395,0.001747305,0.000716125,0,0,0.000669025,0.000604155,0,0,0.000180613,0.00691778,0.099118565,0.003043915,0.0914875,0,0,0,0.001737165,0.000474379,0.00212376,0.00122221,0.00092336,0.003315785,0.00748,0.00170925,0.000429801,0.01757651,0.00103543,0.006630365,0.03399465,0.00227842,0.01733952,0.01823455,0.06294185,0.069342,0.0670797,0.06321335,0.0549374,0.0459,0.0673546,0.0215609,0.04577815,0.03051967
iVISp,6.87887E-05,0.000514893,0.000294969,0.000973448,0.000285765,0.002680808,0.000782006,0.001788061,0.00379374,0.004681284,0.044282,0.017143743,0.086354372,0.0189076,0.00543698,0.11599265,0.00668136,0.004075148,0.020140388,0.006057713,0.01466429,0.013618824,0.058447825,0.478817475,2.025384275,0.719336,0.275082525,0.075115275,0.441956075,0.0973435,0.5515315,0.052971813,0.086127635,0.1696336,0.38667125,0.457062475,0.0803111,0.06635985,0.2682735,0.209031,0.7485185,0.099749675,0.056512275
iSC,0.000818092,0.000147644,0.00031543,0.000222924,0.0003822,0.0001595,0.000555343,0.000109395,0.002133889,0.001459253,0.000127728,0.001600879,0.000632043,0.002635423,0.000820879,0.002692462,0.000793372,0.000403232,0.001144022,0.002307304,0.01240995,0.000565051,0.03713005,0.001248015,0.000992201,0.0483989,0.001062983,0.010630355,0.000468942,0.002436161,0.026602473,0.00076075,0.000928061,0.005910763,0.007643617,0.034563825,0.042915175,0.002140568,0.022055875,0.001199408,0.005494135,0.0011345,0.014887223
iMRN,0.001696259,0.002147068,0.000667345,0.000984131,0.000483078,0.000319665,0.002621683,0.001778545,0.0011233,0.003392224,0.001765451,0.005701038,0.001314589,0.003481713,0.00034827,0.00167013,0.000976973,0.001192583,0.000568154,0.004208603,0.001335622,0.000815316,0.05377345,0.003770257,0.00818002,0.025224418,0.007344473,0.010782738,0.001122183,0.00560327,0.032399725,0.01017379,0.003048968,0.0323475,0.0159493,0.055393925,0.025262475,0.018207648,0.02988895,0.016391925,0.0274006,0.0144725,0.024456088
iIP,0,0,0,0,0,0,0,0.004318335,0,0,0,0,0.0730415,0,0,0.01006665,0.00857455,0,0,0,0.00068818,0.001533855,0.006314375,0.015965248,0.002675975,0.010245665,0.08736865,0.00469679,0.00205404,0.004615,0.004681745,0.01679735,0.0090772,0.05405795,0.4879125,0.10718565,0.0215392,0.025782875,0.01151655,0.0420433,0.0980805,0.0986815,0.0140071
cVISp,0.000278499,0.000340296,0.000304725,0.000615344,0.000101434,0.000232809,0.000245425,0.000507238,0.003659321,0.005653478,0.00088777,0.003522234,0.001391813,0.005849248,0.004769409,0.007739066,0.005730959,0.002743155,0.00581685,0.002049757,0.014012898,0.001164313,0.026671025,0.010219352,0.03410745,0.0961657,0.003452523,0.014703893,0.015887423,0.012415,0.036880725,0.00622863,0.004113005,0.09173815,0.051556375,0.0509733,0.031739395,0.0112813,0.052264675,0.108503,0.17897225,0.030350575,0.04078685
cSC,0.00017378,0.000382974,0.00011025,0.000143736,0.000403396,0.00022025,0.000748969,0.000508201,0.001326019,0.008526285,0.002008774,0.00252381,0.000882788,0.002090901,9.59913E-05,0.000585311,0.001106423,0.000388399,0.001346279,0.002203555,0.003187185,0.000114319,0.008754348,0.000403651,0.005305229,0.00529439,0.000201868,0.00305593,0.000056231,0.000266628,0.005881431,0.000196324,0.000653553,0.008335345,0.008176278,0.01156221,0.008797058,0.000239706,0.002292255,0.00080743,0.001889238,0.001938366,0.002050461
cMRN,0.001495317,0.002092948,0.000460133,0.00062791,0.000373689,0.0002785,0.001077329,0.00053335,0.00146401,0.000498202,0.000924733,0.001773412,0.004627519,0.001423178,0.00045876,0.000433719,0.001397045,0.000863931,0.001974803,0.002004846,0.001370881,0.002435518,0.00397657,0.001913624,0.001951135,0.010303315,0.00414948,0.003654865,0.001495052,0.000955373,0.004888875,0.003646158,0.003646213,0.0153464,0.014566313,0.013877385,0.014312725,0.004167596,0.00678751,0.00402457,0.011200863,0.005739743,0.005592323
cIP,0,0,0,0,0,0,0,0,0,0,0,0,0,0,0.000189709,0.000930475,0.009231165,0,0.00510815,0,0.00682985,0.00132779,0.003980485,0.009304225,0.002075655,0.00942005,0.003442468,0.000944183,0,0,0.0247518,0.009903725,0.000526865,0.03580835,0.00328033,0.005555995,0.41514785,0,0.00484872,0.1214755,0.0153373,0.00088139,0.000851901
iPAR,0,0,0.00487,0,0,0,0.00128162,0.00129769,0.002089235,0.00585315,0.04278867,0.000387032,0.0213625,0.004292,0.000491875,0.014721345,0.4588015,0.002367,0.002058675,0.03975115,0.003949275,0.14535705,0.03055,0.345516,0.70897035,0.135393,0.3584585,0.3227575,3.14931,0.214202,0.2919335,0.2733885,0.518911,0.5820215,0.784599,0.8468,0.582389,0.5009555,1.127222,0.8439175,0.9153835,0.931301,1.138405
iPRE,0,0,0,0,0,0.000292,0,0.004204671,3.632365,0.0068097,0.00642985,0.00503282,0.03286575,0.00222,0.03937985,0.0717357,0,0.000164429,0.013234125,0.01239135,0.007574662,0.1219044,0.00379,0.08258965,2.132357,0.05923945,0.3573475,0.396567,0.0608176,0.359735,0.023862215,0.13760955,0.2315525,0.5163145,0.4565105,0.339848,0.703729,0.565935,0.5869545,0.4854425,1.346195,0.7934115,0.7011335
iPOST,0,0.001779395,0.0059,0.0075428,0,0.002562395,0.009724775,0.102212195,0.247246062,0.0520975,6.6131235,0.001084183,0.0250248,0.007355,0.02163125,0.5927385,0,0.015376,0.05469995,0.04577655,0.001483772,0.121211,0.016695,0.0113586,1.6236105,0.3303515,0.4631035,0.336526,0.470928,0.2089925,0.168866,0.05401135,0.3329565,0.4941265,0.293731,0.1829305,0.4100195,0.234832,0.902768,0.2265395,1.930465,0.6725625,0.334996
iPRN,0.002839895,0.00269726,0.001615,0.00110048,0.000938733,0.001105,0.003665261,0.00329127,0.002091675,0.001765956,0.003554453,0.00428473,0.008232435,0.005215,0.000441476,0.001681181,0.001012371,0.00731396,0.0180252,0.000885373,0.013893215,0.001725075,0.122384,0.0633324,0.0889927,0.04220645,0.007037955,0.01078118,0.01908555,0.0273021,0.043501,0.018018,0.0192154,0.0853996,0.165494,0.1579275,0.12177,0.08217915,0.05647925,0.2277925,0.200065,0.0498729,0.1198004
cPAR,0.000282655,0,0,0.000139,0.000231024,0,0.000329774,0.000646444,0.001254767,0.0018527,0.000153653,0.002288155,0.00156258,0.000449,0,0.0111585,0.001104158,0.000078396,0.00028,0,0.1144137,0.0251752,0.0004985,0.00240677,0.009775599,0.001139646,0.013056495,0.0136325,0.000366864,0.026250245,0.000109901,0.1101616,0.09723505,0.301605,0.1830415,0.29181,0.1119925,0.5910545,0.258927,0.1276245,0.577568,0.8726125,0.5768205
cPRE,0.00069072,0.001046585,0,0,0,0,0,0.000267944,0,0.00186544,0.000544415,0.001386715,0.003415,0.0001485,0,0,0,0,0,0.009251421,0.000811685,0,0.00123,0.001313125,0.004501532,0.002264985,0.001964335,0.007027794,0.003329353,0.011018612,0.002439534,0.004096705,0.007842815,0.025183025,0.0346773,0.02037545,0.01935,0.018579065,0.06094145,0.027746,0.358652,0.04490235,0.07931585
cPOST,0.000152156,0,0,0,0,0,0.001099653,0,0.002007235,0.001229695,0,0.000794735,0.003318765,0.001195,0.000768015,0.0156357,0.00106506,0.004834165,0.0002975,0,0,0,0.002935,0.000382648,0.02114915,0.024579325,0.018068624,0.00778099,0.00343847,0.00282193,0.02032716,0.00514347,0.004681225,0.02625478,0.051878,0.0231797,0.0291,0.006125735,0.117327,0.01273905,0.245712,0.03681445,0.0274912
cPRN,0.000740023,0.00233217,0.0006283,0.001423065,0.000555654,0.001794632,0.001311129,0.000542425,0.001711915,0.00021159,0.000715305,0.001847955,0.006356805,0.00768,0.00142742,0.002472705,0.01370721,0.002151905,0.004901285,0.00131208,0.002517928,0.002284005,0.01924,0.033543675,0.112756,0.0461864,0.006667055,0.015553565,0.0178905,0.04605645,0.01938635,0.0762838,0.008192855,0.0583491,0.0182535,0.1125795,0.0439,0.0850315,0.0333847,0.0194473,0.0340874,0.06257815,0.08790955